variant,n,network,cpu,scenario,metric,runs,ok,incomplete,timeout,error,skipped,count,median,p95,std,mean,min,max
new,100,none,1,filter_change,duration_ms,30,30,0,0,0,0,30,80.35,84.55,2.29,80.723,76.6,87.2
new,100,none,1,filter_change,tbt_ms,30,30,0,0,0,0,30,0,0,0,0,0,0
new,100,none,1,filter_change,long_tasks,30,30,0,0,0,0,30,0,0,0,0,0,0
new,100,none,1,filter_change,js_heap_used_bytes,30,30,0,0,0,0,30,14737116,14781819.4,370174.15,14479896,13963900,14785272
new,100,none,1,filter_change,js_heap_used_after_gc_bytes,30,30,0,0,0,0,30,11431314,11439167.6,4359.785,11431934.667,11425724,11444244
new,100,none,1,filter_change,dom_nodes,30,30,0,0,0,0,30,899,899,0,899,899,899
new,100,none,1,filter_change,dom_elements,30,30,0,0,0,0,30,617,617,0,617,617,617
new,100,none,1,filter_change,api_requests,30,30,0,0,0,0,30,1,1,0,1,1,1
new,100,none,1,filter_change,api_transfer_bytes,30,30,0,0,0,0,30,15264,15264,0,15264,15264,15264
new,100,none,1,filter_change,api_body_bytes,30,30,0,0,0,0,30,14956,14956,0,14956,14956,14956
new,100,none,1,filter_change,api_items,30,30,0,0,0,0,30,20,20,0,20,20,20
new,100,none,1,filter_change,total_requests,30,30,0,0,0,0,30,1,1,0,1,1,1
new,100,none,1,filter_change,total_transfer_bytes,30,30,0,0,0,0,30,15264,15264,0,15264,15264,15264
new,100,none,1,filter_change,rows_rendered,30,30,0,0,0,0,30,12,12,0,12,12,12
new,100,none,1,initial_load,duration_ms,30,30,0,0,0,0,30,572.1,584.065,6.187,573.903,566.8,594.3
new,100,none,1,initial_load,first_row_ms,30,30,0,0,0,0,30,572.1,584.065,6.187,573.903,566.8,594.3
new,100,none,1,initial_load,list_ready_ms,30,30,0,0,0,0,30,572.1,584.065,6.187,573.903,566.8,594.3
new,100,none,1,initial_load,fcp_ms,30,30,0,0,0,0,30,68,80,6.704,69.867,64,84
new,100,none,1,initial_load,lcp_ms,30,30,0,0,0,0,30,500,770.6,133.398,566.267,440,804
new,100,none,1,initial_load,tbt_ms,30,30,0,0,0,0,30,17,22.1,4.218,17.267,11,33
new,100,none,1,initial_load,long_tasks,30,30,0,0,0,0,30,2,3,0.305,2.1,2,3
new,100,none,1,initial_load,js_heap_used_bytes,30,30,0,0,0,0,30,11526816,11574742.2,25696.749,11528794,11484876,11592236
new,100,none,1,initial_load,js_heap_used_after_gc_bytes,30,30,0,0,0,0,30,9663712,9671889.4,6326.662,9664142.533,9657180,9672028
new,100,none,1,initial_load,dom_nodes,30,30,0,0,0,0,30,786,786,0,786,786,786
new,100,none,1,initial_load,dom_elements,30,30,0,0,0,0,30,535,535,0,535,535,535
new,100,none,1,initial_load,api_requests,30,30,0,0,0,0,30,1,1,0,1,1,1
new,100,none,1,initial_load,api_transfer_bytes,30,30,0,0,0,0,30,15384,15384,0,15384,15384,15384
new,100,none,1,initial_load,api_body_bytes,30,30,0,0,0,0,30,15075,15075,0,15075,15075,15075
new,100,none,1,initial_load,api_items,30,30,0,0,0,0,30,20,20,0,20,20,20
new,100,none,1,initial_load,total_requests,30,30,0,0,0,0,30,9,9,0,9,9,9
new,100,none,1,initial_load,total_transfer_bytes,30,30,0,0,0,0,30,858981,858981,0,858981,858981,858981
new,100,none,1,initial_load,rows_rendered,30,30,0,0,0,0,30,12,12,0,12,12,12
new,100,none,1,scroll_all,duration_ms,30,30,0,0,0,0,30,781.65,870.5,41.921,788.72,723.3,911.5
new,100,none,1,scroll_all,tbt_ms,30,30,0,0,0,0,30,0,0,0,0,0,0
new,100,none,1,scroll_all,long_tasks,30,30,0,0,0,0,30,0,0,0,0,0,0
new,100,none,1,scroll_all,js_heap_used_bytes,30,30,0,0,0,0,30,16255476,16342416.6,826178.121,15778129.467,14915132,18493792
new,100,none,1,scroll_all,js_heap_used_after_gc_bytes,30,30,0,0,0,0,30,10913562,10921318.2,4569.036,10914044,10907356,10922284
new,100,none,1,scroll_all,dom_nodes,30,30,0,0,0,0,30,937,937,0,937,937,937
new,100,none,1,scroll_all,dom_elements,30,30,0,0,0,0,30,630,630,0,630,630,630
new,100,none,1,scroll_all,api_requests,30,30,0,0,0,0,30,4,4,0,4,4,4
new,100,none,1,scroll_all,api_transfer_bytes,30,30,0,0,0,0,30,56294,56294,0,56294,56294,56294
new,100,none,1,scroll_all,api_body_bytes,30,30,0,0,0,0,30,55075,55075,0,55075,55075,55075
new,100,none,1,scroll_all,api_items,30,30,0,0,0,0,30,74,74,0,74,74,74
new,100,none,1,scroll_all,total_requests,30,30,0,0,0,0,30,4,4,0,4,4,4
new,100,none,1,scroll_all,total_transfer_bytes,30,30,0,0,0,0,30,56294,56294,0,56294,56294,56294
new,100,none,1,scroll_all,rows_rendered,30,30,0,0,0,0,30,15,15,0,15,15,15
new,100,none,1,scroll_all,rows_reached,30,30,0,0,0,0,30,94,94,0,94,94,94
new,100,none,1,scroll_pages,duration_ms,30,30,0,0,0,0,30,924.4,1065.975,55.391,944.96,878.3,1102.1
new,100,none,1,scroll_pages,tbt_ms,30,30,0,0,0,0,30,0,0,0,0,0,0
new,100,none,1,scroll_pages,long_tasks,30,30,0,0,0,0,30,0,0,0,0,0,0
new,100,none,1,scroll_pages,js_heap_used_bytes,30,30,0,0,0,0,30,16697128,17079214.6,480181.149,16518591.733,16021872,17869892
new,100,none,1,scroll_pages,js_heap_used_after_gc_bytes,30,30,0,0,0,0,30,10933978,11018641.6,34611.562,10949407.867,10924388,11022516
new,100,none,1,scroll_pages,dom_nodes,30,30,0,0,0,0,30,1185,1239,21.969,1195.8,1185,1239
new,100,none,1,scroll_pages,dom_elements,30,30,0,0,0,0,30,788,822,13.832,794.8,788,822
new,100,none,1,scroll_pages,api_requests,30,30,0,0,0,0,30,3,3,0,3,3,3
new,100,none,1,scroll_pages,api_transfer_bytes,30,30,0,0,0,0,30,45665,45665,0,45665,45665,45665
new,100,none,1,scroll_pages,api_body_bytes,30,30,0,0,0,0,30,44741,44741,0,44741,44741,44741
new,100,none,1,scroll_pages,api_items,30,30,0,0,0,0,30,60,60,0,60,60,60
new,100,none,1,scroll_pages,total_requests,30,30,0,0,0,0,30,3,3,0,3,3,3
new,100,none,1,scroll_pages,total_transfer_bytes,30,30,0,0,0,0,30,45665,45665,0,45665,45665,45665
new,100,none,1,scroll_pages,rows_rendered,30,30,0,0,0,0,30,20,21,0.407,20.2,20,21
new,100,none,1,scroll_pages,rows_reached,30,30,0,0,0,0,30,60,63,1.221,60.6,60,63
new,100,none,1,sort_change,duration_ms,30,30,0,0,0,0,30,79.55,84.375,2.583,79.953,75.3,85.6
new,100,none,1,sort_change,tbt_ms,30,30,0,0,0,0,30,0,0,0,0,0,0
new,100,none,1,sort_change,long_tasks,30,30,0,0,0,0,30,0,0,0,0,0,0
new,100,none,1,sort_change,js_heap_used_bytes,30,30,0,0,0,0,30,13571588,13630829.6,27134.985,13577168.933,13528248,13640840
new,100,none,1,sort_change,js_heap_used_after_gc_bytes,30,30,0,0,0,0,30,11232836,11236868.4,5084.14,11230935.467,11222908,11236972
new,100,none,1,sort_change,dom_nodes,30,30,0,0,0,0,30,847,847,0,847,847,847
new,100,none,1,sort_change,dom_elements,30,30,0,0,0,0,30,560,560,0,560,560,560
new,100,none,1,sort_change,api_requests,30,30,0,0,0,0,30,1,1,0,1,1,1
new,100,none,1,sort_change,api_transfer_bytes,30,30,0,0,0,0,30,15227,15227,0,15227,15227,15227
new,100,none,1,sort_change,api_body_bytes,30,30,0,0,0,0,30,14919,14919,0,14919,14919,14919
new,100,none,1,sort_change,api_items,30,30,0,0,0,0,30,20,20,0,20,20,20
new,100,none,1,sort_change,total_requests,30,30,0,0,0,0,30,1,1,0,1,1,1
new,100,none,1,sort_change,total_transfer_bytes,30,30,0,0,0,0,30,15227,15227,0,15227,15227,15227
new,100,none,1,sort_change,rows_rendered,30,30,0,0,0,0,30,12,12,0,12,12,12
new,1000,none,1,filter_change,duration_ms,30,30,0,0,0,0,30,79.6,83.4,2.062,79.727,75.6,83.6
new,1000,none,1,filter_change,tbt_ms,30,30,0,0,0,0,30,0,0,0,0,0,0
new,1000,none,1,filter_change,long_tasks,30,30,0,0,0,0,30,0,0,0,0,0,0
new,1000,none,1,filter_change,js_heap_used_bytes,30,30,0,0,0,0,30,14601130,14637089,22874.718,14601147.067,14571240,14644532
new,1000,none,1,filter_change,js_heap_used_after_gc_bytes,30,30,0,0,0,0,30,11409986,11418230.6,3438.813,11410975.467,11406772,11419572
new,1000,none,1,filter_change,dom_nodes,30,30,0,0,0,0,30,904,904,0,904,904,904
new,1000,none,1,filter_change,dom_elements,30,30,0,0,0,0,30,620,620,0,620,620,620
new,1000,none,1,filter_change,api_requests,30,30,0,0,0,0,30,1,1,0,1,1,1
new,1000,none,1,filter_change,api_transfer_bytes,30,30,0,0,0,0,30,15213,15213,0,15213,15213,15213
new,1000,none,1,filter_change,api_body_bytes,30,30,0,0,0,0,30,14905,14905,0,14905,14905,14905
new,1000,none,1,filter_change,api_items,30,30,0,0,0,0,30,20,20,0,20,20,20
new,1000,none,1,filter_change,total_requests,30,30,0,0,0,0,30,1,1,0,1,1,1
new,1000,none,1,filter_change,total_transfer_bytes,30,30,0,0,0,0,30,15213,15213,0,15213,15213,15213
new,1000,none,1,filter_change,rows_rendered,30,30,0,0,0,0,30,12,12,0,12,12,12
new,1000,none,1,initial_load,duration_ms,30,30,0,0,0,0,30,578.4,593.38,11.083,581.137,567.4,625
new,1000,none,1,initial_load,first_row_ms,30,30,0,0,0,0,30,578.4,593.38,11.083,581.137,567.4,625
new,1000,none,1,initial_load,list_ready_ms,30,30,0,0,0,0,30,578.4,593.38,11.083,581.137,567.4,625
new,1000,none,1,initial_load,fcp_ms,30,30,0,0,0,0,30,68,80,7.508,71.333,64,88
new,1000,none,1,initial_load,lcp_ms,30,30,0,0,0,0,30,486,764.8,123.1,541.067,432,816
new,1000,none,1,initial_load,tbt_ms,30,30,0,0,0,0,30,19,29.65,7.587,20.6,10,52
new,1000,none,1,initial_load,long_tasks,30,30,0,0,0,0,30,2,2,0.183,2.033,2,3
new,1000,none,1,initial_load,js_heap_used_bytes,30,30,0,0,0,0,30,11563008,11606184.6,23768.48,11563585.333,11519300,11607104
new,1000,none,1,initial_load,js_heap_used_after_gc_bytes,30,30,0,0,0,0,30,9703248,9707158.8,5567.136,9699870.933,9692284,9709920
new,1000,none,1,initial_load,dom_nodes,30,30,0,0,0,0,30,801,801,0,801,801,801
new,1000,none,1,initial_load,dom_elements,30,30,0,0,0,0,30,544,544,0,544,544,544
new,1000,none,1,initial_load,api_requests,30,30,0,0,0,0,30,1,1,0,1,1,1
new,1000,none,1,initial_load,api_transfer_bytes,30,30,0,0,0,0,30,15289,15289,0,15289,15289,15289
new,1000,none,1,initial_load,api_body_bytes,30,30,0,0,0,0,30,14981,14981,0,14981,14981,14981
new,1000,none,1,initial_load,api_items,30,30,0,0,0,0,30,20,20,0,20,20,20
new,1000,none,1,initial_load,total_requests,30,30,0,0,0,0,30,9,9,0,9,9,9
new,1000,none,1,initial_load,total_transfer_bytes,30,30,0,0,0,0,30,859292,859292,0.254,859291.933,859291,859292
new,1000,none,1,initial_load,rows_rendered,30,30,0,0,0,0,30,12,12,0,12,12,12
new,1000,none,1,scroll_all,duration_ms,30,30,0,0,0,0,30,8928.65,9880.95,364.444,9091.12,8707.2,10145.1
new,1000,none,1,scroll_all,tbt_ms,30,30,0,0,0,0,30,0,0,0.548,0.1,0,3
new,1000,none,1,scroll_all,long_tasks,30,30,0,0,0,0,30,0,0,0.183,0.033,0,1
new,1000,none,1,scroll_all,js_heap_used_bytes,30,30,0,0,0,0,30,21944208,36953402,7255963.281,23531475.467,13086780,38889600
new,1000,none,1,scroll_all,js_heap_used_after_gc_bytes,30,30,0,0,0,0,30,12781956,12793694.6,7836.448,12782890.133,12765944,12801388
new,1000,none,1,scroll_all,dom_nodes,30,30,0,0,0,0,30,942,942,0,942,942,942
new,1000,none,1,scroll_all,dom_elements,30,30,0,0,0,0,30,633,633,0,633,633,633
new,1000,none,1,scroll_all,api_requests,30,30,0,0,0,0,30,45,45,0,45,45,45
new,1000,none,1,scroll_all,api_transfer_bytes,30,30,0,0,0,0,30,684586,684586,0,684586,684586,684586
new,1000,none,1,scroll_all,api_body_bytes,30,30,0,0,0,0,30,670723,670723,0,670723,670723,670723
new,1000,none,1,scroll_all,api_items,30,30,0,0,0,0,30,896,896,0,896,896,896
new,1000,none,1,scroll_all,total_requests,30,30,0,0,0,0,30,45,45,0,45,45,45
new,1000,none,1,scroll_all,total_transfer_bytes,30,30,0,0,0,0,30,684586,684586,0,684586,684586,684586
new,1000,none,1,scroll_all,rows_rendered,30,30,0,0,0,0,30,15,15,0,15,15,15
new,1000,none,1,scroll_all,rows_reached,30,30,0,0,0,0,30,916,916,0,916,916,916
new,1000,none,1,scroll_pages,duration_ms,30,30,0,0,0,0,30,908.1,973.565,37.513,914.633,822.4,1000.9
new,1000,none,1,scroll_pages,tbt_ms,30,30,0,0,0,0,30,0,0,0,0,0,0
new,1000,none,1,scroll_pages,long_tasks,30,30,0,0,0,0,30,0,0,0,0,0,0
new,1000,none,1,scroll_pages,js_heap_used_bytes,30,30,0,0,0,0,30,16074740,16148168.8,191059.379,16105337.6,16003692,17100724
new,1000,none,1,scroll_pages,js_heap_used_after_gc_bytes,30,30,0,0,0,0,30,10923340,10941685.8,19130.426,10927165.067,10915436,11019096
new,1000,none,1,scroll_pages,dom_nodes,30,30,0,0,0,0,30,1185,1185,8.946,1186.633,1185,1234
new,1000,none,1,scroll_pages,dom_elements,30,30,0,0,0,0,30,788,788,5.66,789.033,788,819
new,1000,none,1,scroll_pages,api_requests,30,30,0,0,0,0,30,3,3,0,3,3,3
new,1000,none,1,scroll_pages,api_transfer_bytes,30,30,0,0,0,0,30,45938,45938,0,45938,45938,45938
new,1000,none,1,scroll_pages,api_body_bytes,30,30,0,0,0,0,30,45012,45012,0,45012,45012,45012
new,1000,none,1,scroll_pages,api_items,30,30,0,0,0,0,30,60,60,0,60,60,60
new,1000,none,1,scroll_pages,total_requests,30,30,0,0,0,0,30,3,3,0,3,3,3
new,1000,none,1,scroll_pages,total_transfer_bytes,30,30,0,0,0,0,30,45938,45938,0,45938,45938,45938
new,1000,none,1,scroll_pages,rows_rendered,30,30,0,0,0,0,30,20,20,0.183,20.033,20,21
new,1000,none,1,scroll_pages,rows_reached,30,30,0,0,0,0,30,60,60,0.73,60.133,60,64
new,1000,none,1,sort_change,duration_ms,30,30,0,0,0,0,30,80.9,85.82,3.099,81.193,76.8,90.3
new,1000,none,1,sort_change,tbt_ms,30,30,0,0,0,0,30,0,0,0,0,0,0
new,1000,none,1,sort_change,long_tasks,30,30,0,0,0,0,30,0,0,0,0,0,0
new,1000,none,1,sort_change,js_heap_used_bytes,30,30,0,0,0,0,30,13753036,13813770,30296.427,13755611.867,13703500,13832216
new,1000,none,1,sort_change,js_heap_used_after_gc_bytes,30,30,0,0,0,0,30,11254026,11262942.8,4461.072,11255138.133,11250376,11267372
new,1000,none,1,sort_change,dom_nodes,30,30,0,0,0,0,30,862,862,0,862,862,862
new,1000,none,1,sort_change,dom_elements,30,30,0,0,0,0,30,569,569,0,569,569,569
new,1000,none,1,sort_change,api_requests,30,30,0,0,0,0,30,1,1,0,1,1,1
new,1000,none,1,sort_change,api_transfer_bytes,30,30,0,0,0,0,30,15201,15201,0,15201,15201,15201
new,1000,none,1,sort_change,api_body_bytes,30,30,0,0,0,0,30,14893,14893,0,14893,14893,14893
new,1000,none,1,sort_change,api_items,30,30,0,0,0,0,30,20,20,0,20,20,20
new,1000,none,1,sort_change,total_requests,30,30,0,0,0,0,30,1,1,0,1,1,1
new,1000,none,1,sort_change,total_transfer_bytes,30,30,0,0,0,0,30,15201,15201,0,15201,15201,15201
new,1000,none,1,sort_change,rows_rendered,30,30,0,0,0,0,30,12,12,0,12,12,12
new,3000,none,1,filter_change,duration_ms,30,30,0,0,0,0,30,77.05,80.365,3.1,77.123,71,87.3
new,3000,none,1,filter_change,tbt_ms,30,30,0,0,0,0,30,0,0,0,0,0,0
new,3000,none,1,filter_change,long_tasks,30,30,0,0,0,0,30,0,0,0,0,0,0
new,3000,none,1,filter_change,js_heap_used_bytes,30,30,0,0,0,0,30,14601278,14641202,366160.724,14374713.467,13799200,14650228
new,3000,none,1,filter_change,js_heap_used_after_gc_bytes,30,30,0,0,0,0,30,11412536,11416049.4,2405.459,11412582.533,11405560,11416944
new,3000,none,1,filter_change,dom_nodes,30,30,0,0,0,0,30,904,904,0,904,904,904
new,3000,none,1,filter_change,dom_elements,30,30,0,0,0,0,30,620,620,0,620,620,620
new,3000,none,1,filter_change,api_requests,30,30,0,0,0,0,30,1,1,0,1,1,1
new,3000,none,1,filter_change,api_transfer_bytes,30,30,0,0,0,0,30,15290,15290,0,15290,15290,15290
new,3000,none,1,filter_change,api_body_bytes,30,30,0,0,0,0,30,14982,14982,0,14982,14982,14982
new,3000,none,1,filter_change,api_items,30,30,0,0,0,0,30,20,20,0,20,20,20
new,3000,none,1,filter_change,total_requests,30,30,0,0,0,0,30,1,1,0,1,1,1
new,3000,none,1,filter_change,total_transfer_bytes,30,30,0,0,0,0,30,15290,15290,0,15290,15290,15290
new,3000,none,1,filter_change,rows_rendered,30,30,0,0,0,0,30,12,12,0,12,12,12
new,3000,none,1,initial_load,duration_ms,30,30,0,0,0,0,30,567.35,582.275,6.137,569.56,561.9,585.1
new,3000,none,1,initial_load,first_row_ms,30,30,0,0,0,0,30,567.35,582.275,6.137,569.56,561.9,585.1
new,3000,none,1,initial_load,list_ready_ms,30,30,0,0,0,0,30,567.35,582.275,6.137,569.56,561.9,585.1
new,3000,none,1,initial_load,fcp_ms,30,30,0,0,0,0,30,64,76,5.219,67.067,60,80
new,3000,none,1,initial_load,lcp_ms,30,30,0,0,0,0,30,488,768.4,133.975,571.867,452,812
new,3000,none,1,initial_load,tbt_ms,30,30,0,0,0,0,30,14.5,21.55,3.868,14.933,8,25
new,3000,none,1,initial_load,long_tasks,30,30,0,0,0,0,30,2,2,0.183,2.033,2,3
new,3000,none,1,initial_load,js_heap_used_bytes,30,30,0,0,0,0,30,11546946,11581292.2,20029.934,11549602.133,11507460,11586188
new,3000,none,1,initial_load,js_heap_used_after_gc_bytes,30,30,0,0,0,0,30,9678260,9694796.2,5816.738,9681464.267,9677388,9696336
new,3000,none,1,initial_load,dom_nodes,30,30,0,0,0,0,30,791,791,0,791,791,791
new,3000,none,1,initial_load,dom_elements,30,30,0,0,0,0,30,538,538,0,538,538,538
new,3000,none,1,initial_load,api_requests,30,30,0,0,0,0,30,1,1,0,1,1,1
new,3000,none,1,initial_load,api_transfer_bytes,30,30,0,0,0,0,30,15366,15366,0,15366,15366,15366
new,3000,none,1,initial_load,api_body_bytes,30,30,0,0,0,0,30,15057,15057,0,15057,15057,15057
new,3000,none,1,initial_load,api_items,30,30,0,0,0,0,30,20,20,0,20,20,20
new,3000,none,1,initial_load,total_requests,30,30,0,0,0,0,30,9,9,0,9,9,9
new,3000,none,1,initial_load,total_transfer_bytes,30,30,0,0,0,0,30,859369,859369,0,859369,859369,859369
new,3000,none,1,initial_load,rows_rendered,30,30,0,0,0,0,30,12,12,0,12,12,12
new,3000,none,1,scroll_all,duration_ms,30,30,0,0,0,0,30,26963.5,27347.92,258.66,26994.45,26459.8,27471.7
new,3000,none,1,scroll_all,tbt_ms,30,30,0,0,0,0,30,0,0,0,0,0,0
new,3000,none,1,scroll_all,long_tasks,30,30,0,0,0,0,30,0,0,0,0,0,0
new,3000,none,1,scroll_all,js_heap_used_bytes,30,30,0,0,0,0,30,32686188,42262569.8,8783884.899,31275047.2,15911992,42520100
new,3000,none,1,scroll_all,js_heap_used_after_gc_bytes,30,30,0,0,0,0,30,15304972,15337003.6,17673.34,15308322.4,15278976,15349684
new,3000,none,1,scroll_all,dom_nodes,30,30,0,0,0,0,30,937,937,0,937,937,937
new,3000,none,1,scroll_all,dom_elements,30,30,0,0,0,0,30,630,630,0,630,630,630
new,3000,none,1,scroll_all,api_requests,30,30,0,0,0,0,30,137,137,0,137,137,137
new,3000,none,1,scroll_all,api_transfer_bytes,30,30,0,0,0,0,30,2092459,2092459,0,2092459,2092459,2092459
new,3000,none,1,scroll_all,api_body_bytes,30,30,0,0,0,0,30,2050215,2050215,0,2050215,2050215,2050215
new,3000,none,1,scroll_all,api_items,30,30,0,0,0,0,30,2734,2734,0,2734,2734,2734
new,3000,none,1,scroll_all,total_requests,30,30,0,0,0,0,30,137,137,0,137,137,137
new,3000,none,1,scroll_all,total_transfer_bytes,30,30,0,0,0,0,30,2092459,2092459,0,2092459,2092459,2092459
new,3000,none,1,scroll_all,rows_rendered,30,30,0,0,0,0,30,15,15,0,15,15,15
new,3000,none,1,scroll_all,rows_reached,30,30,0,0,0,0,30,2754,2754,0,2754,2754,2754
new,3000,none,1,scroll_pages,duration_ms,30,30,0,0,0,0,30,900.95,972.365,32.547,910.247,857.3,1003
new,3000,none,1,scroll_pages,tbt_ms,30,30,0,0,0,0,30,0,0,0,0,0,0
new,3000,none,1,scroll_pages,long_tasks,30,30,0,0,0,0,30,0,0,0,0,0,0
new,3000,none,1,scroll_pages,js_heap_used_bytes,30,30,0,0,0,0,30,16900024,17066120.2,174338.128,16942792.133,16840712,17824468
new,3000,none,1,scroll_pages,js_heap_used_after_gc_bytes,30,30,0,0,0,0,30,10971140,11004304.4,11776.138,10973537.733,10959068,11008580
new,3000,none,1,scroll_pages,dom_nodes,30,30,0,0,0,0,30,1190,1195,1.526,1190.5,1190,1195
new,3000,none,1,scroll_pages,dom_elements,30,30,0,0,0,0,30,791,794,0.915,791.3,791,794
new,3000,none,1,scroll_pages,api_requests,30,30,0,0,0,0,30,3,3,0,3,3,3
new,3000,none,1,scroll_pages,api_transfer_bytes,30,30,0,0,0,0,30,45920,45920,0,45920,45920,45920
new,3000,none,1,scroll_pages,api_body_bytes,30,30,0,0,0,0,30,44994,44994,0,44994,44994,44994
new,3000,none,1,scroll_pages,api_items,30,30,0,0,0,0,30,60,60,0,60,60,60
new,3000,none,1,scroll_pages,total_requests,30,30,0,0,0,0,30,3,3,0,3,3,3
new,3000,none,1,scroll_pages,total_transfer_bytes,30,30,0,0,0,0,30,45920,45920,0,45920,45920,45920
new,3000,none,1,scroll_pages,rows_rendered,30,30,0,0,0,0,30,20,20,0,20,20,20
new,3000,none,1,scroll_pages,rows_reached,30,30,0,0,0,0,30,60,63,0.915,60.3,60,63
new,3000,none,1,sort_change,duration_ms,30,30,0,0,0,0,30,82.75,86.005,1.929,82.82,79,86.6
new,3000,none,1,sort_change,tbt_ms,30,30,0,0,0,0,30,0,0,0,0,0,0
new,3000,none,1,sort_change,long_tasks,30,30,0,0,0,0,30,0,0,0,0,0,0
new,3000,none,1,sort_change,js_heap_used_bytes,30,30,0,0,0,0,30,13678586,13739215.6,34672.698,13683098.8,13632376,13745700
new,3000,none,1,sort_change,js_heap_used_after_gc_bytes,30,30,0,0,0,0,30,11234620,11240151.4,3736.356,11234830.4,11229784,11243560
new,3000,none,1,sort_change,dom_nodes,30,30,0,0,0,0,30,847,847,0,847,847,847
new,3000,none,1,sort_change,dom_elements,30,30,0,0,0,0,30,560,560,0,560,560,560
new,3000,none,1,sort_change,api_requests,30,30,0,0,0,0,30,1,1,0,1,1,1
new,3000,none,1,sort_change,api_transfer_bytes,30,30,0,0,0,0,30,15241,15241,0,15241,15241,15241
new,3000,none,1,sort_change,api_body_bytes,30,30,0,0,0,0,30,14933,14933,0,14933,14933,14933
new,3000,none,1,sort_change,api_items,30,30,0,0,0,0,30,20,20,0,20,20,20
new,3000,none,1,sort_change,total_requests,30,30,0,0,0,0,30,1,1,0,1,1,1
new,3000,none,1,sort_change,total_transfer_bytes,30,30,0,0,0,0,30,15241,15241,0,15241,15241,15241
new,3000,none,1,sort_change,rows_rendered,30,30,0,0,0,0,30,12,12,0,12,12,12
new,5000,none,1,filter_change,duration_ms,30,30,0,0,0,0,30,73.85,77.63,3.314,74.157,69.5,88.3
new,5000,none,1,filter_change,tbt_ms,30,30,0,0,0,0,30,0,0,0,0,0,0
new,5000,none,1,filter_change,long_tasks,30,30,0,0,0,0,30,0,0,0,0,0,0
new,5000,none,1,filter_change,js_heap_used_bytes,30,30,0,0,0,0,30,14491798,14523114.2,138720.916,14463033.2,13737604,14529240
new,5000,none,1,filter_change,js_heap_used_after_gc_bytes,30,30,0,0,0,0,30,11408098,11415303.8,3886.124,11408716.267,11398192,11417508
new,5000,none,1,filter_change,dom_nodes,30,30,0,0,0,0,30,904,904,0,904,904,904
new,5000,none,1,filter_change,dom_elements,30,30,0,0,0,0,30,620,620,0,620,620,620
new,5000,none,1,filter_change,api_requests,30,30,0,0,0,0,30,1,1,0,1,1,1
new,5000,none,1,filter_change,api_transfer_bytes,30,30,0,0,0,0,30,15290,15290,0,15290,15290,15290
new,5000,none,1,filter_change,api_body_bytes,30,30,0,0,0,0,30,14982,14982,0,14982,14982,14982
new,5000,none,1,filter_change,api_items,30,30,0,0,0,0,30,20,20,0,20,20,20
new,5000,none,1,filter_change,total_requests,30,30,0,0,0,0,30,1,1,0,1,1,1
new,5000,none,1,filter_change,total_transfer_bytes,30,30,0,0,0,0,30,15290,15290,0,15290,15290,15290
new,5000,none,1,filter_change,rows_rendered,30,30,0,0,0,0,30,12,12,0,12,12,12
new,5000,none,1,initial_load,duration_ms,30,30,0,0,0,0,30,566.45,574.975,19.387,570.437,558.6,670.6
new,5000,none,1,initial_load,first_row_ms,30,30,0,0,0,0,30,566.45,574.975,19.387,570.437,558.6,670.6
new,5000,none,1,initial_load,list_ready_ms,30,30,0,0,0,0,30,566.45,574.975,19.387,570.437,558.6,670.6
new,5000,none,1,initial_load,fcp_ms,30,30,0,0,0,0,30,64,78.2,8.688,67.2,60,104
new,5000,none,1,initial_load,lcp_ms,30,30,0,0,0,0,30,476,704.4,131.055,557.333,424,756
new,5000,none,1,initial_load,tbt_ms,30,30,0,0,0,0,30,15,24.1,6.598,16.7,9,46
new,5000,none,1,initial_load,long_tasks,30,30,0,0,0,0,30,2,3,0.305,2.1,2,3
new,5000,none,1,initial_load,js_heap_used_bytes,30,30,0,0,0,0,30,11549950,11575232.2,16929.903,11550316.667,11523416,11581872
new,5000,none,1,initial_load,js_heap_used_after_gc_bytes,30,30,0,0,0,0,30,9684518,9695113.6,4872.231,9688101.067,9683592,9701104
new,5000,none,1,initial_load,dom_nodes,30,30,0,0,0,0,30,796,796,0,796,796,796
new,5000,none,1,initial_load,dom_elements,30,30,0,0,0,0,30,541,541,0,541,541,541
new,5000,none,1,initial_load,api_requests,30,30,0,0,0,0,30,1,1,0,1,1,1
new,5000,none,1,initial_load,api_transfer_bytes,30,30,0,0,0,0,30,15303,15303,0,15303,15303,15303
new,5000,none,1,initial_load,api_body_bytes,30,30,0,0,0,0,30,14995,14995,0,14995,14995,14995
new,5000,none,1,initial_load,api_items,30,30,0,0,0,0,30,20,20,0,20,20,20
new,5000,none,1,initial_load,total_requests,30,30,0,0,0,0,30,9,9,0,9,9,9
new,5000,none,1,initial_load,total_transfer_bytes,30,30,0,0,0,0,30,859306,859306,0.49,859305.633,859305,859306
new,5000,none,1,initial_load,rows_rendered,30,30,0,0,0,0,30,12,12,0,12,12,12
new,5000,none,1,scroll_all,duration_ms,30,29,0,1,0,0,29,44210.7,45183.1,481.404,44271.934,43350.2,45584.6
new,5000,none,1,scroll_all,tbt_ms,30,29,0,1,0,0,29,0,0,0,0,0,0
new,5000,none,1,scroll_all,long_tasks,30,29,0,1,0,0,29,0,0,0,0,0,0
new,5000,none,1,scroll_all,js_heap_used_bytes,30,29,0,1,0,0,29,35193652,47931376,7712380.207,36489364.828,26538960,49709608
new,5000,none,1,scroll_all,js_heap_used_after_gc_bytes,30,29,0,1,0,0,29,17586368,17616879.2,17386.143,17586244.414,17542692,17620660
new,5000,none,1,scroll_all,dom_nodes,30,29,0,1,0,0,29,937,937,0,937,937,937
new,5000,none,1,scroll_all,dom_elements,30,29,0,1,0,0,29,630,630,0,630,630,630
new,5000,none,1,scroll_all,api_requests,30,29,0,1,0,0,29,230,230,0,230,230,230
new,5000,none,1,scroll_all,api_transfer_bytes,30,29,0,1,0,0,29,3507548,3507548,0,3507548,3507548,3507548
new,5000,none,1,scroll_all,api_body_bytes,30,29,0,1,0,0,29,3436621,3436621,0,3436621,3436621,3436621
new,5000,none,1,scroll_all,api_items,30,29,0,1,0,0,29,4581,4581,0,4581,4581,4581
new,5000,none,1,scroll_all,total_requests,30,29,0,1,0,0,29,230,230,0,230,230,230
new,5000,none,1,scroll_all,total_transfer_bytes,30,29,0,1,0,0,29,3507548,3507548,0,3507548,3507548,3507548
new,5000,none,1,scroll_all,rows_rendered,30,29,0,1,0,0,29,15,15,0,15,15,15
new,5000,none,1,scroll_all,rows_reached,30,29,0,1,0,0,29,4601,4601,0,4601,4601,4601
new,5000,none,1,scroll_pages,duration_ms,30,30,0,0,0,0,30,927.15,992.78,35.087,935.363,883.2,1023
new,5000,none,1,scroll_pages,tbt_ms,30,30,0,0,0,0,30,0,0,0,0,0,0
new,5000,none,1,scroll_pages,long_tasks,30,30,0,0,0,0,30,0,0,0,0,0,0
new,5000,none,1,scroll_pages,js_heap_used_bytes,30,30,0,0,0,0,30,16679572,17231441.6,530256.922,16674038,16106120,17238240
new,5000,none,1,scroll_pages,js_heap_used_after_gc_bytes,30,30,0,0,0,0,30,10989420,11015058.8,23948.744,10987068,10957048,11015272
new,5000,none,1,scroll_pages,dom_nodes,30,30,0,0,0,0,30,1200,1200,0,1200,1200,1200
new,5000,none,1,scroll_pages,dom_elements,30,30,0,0,0,0,30,797,797,0,797,797,797
new,5000,none,1,scroll_pages,api_requests,30,30,0,0,0,0,30,3,3,0,3,3,3
new,5000,none,1,scroll_pages,api_transfer_bytes,30,30,0,0,0,0,30,46063,46063,0,46063,46063,46063
new,5000,none,1,scroll_pages,api_body_bytes,30,30,0,0,0,0,30,45136,45136,0,45136,45136,45136
new,5000,none,1,scroll_pages,api_items,30,30,0,0,0,0,30,60,60,0,60,60,60
new,5000,none,1,scroll_pages,total_requests,30,30,0,0,0,0,30,3,3,0,3,3,3
new,5000,none,1,scroll_pages,total_transfer_bytes,30,30,0,0,0,0,30,46063,46063,0,46063,46063,46063
new,5000,none,1,scroll_pages,rows_rendered,30,30,0,0,0,0,30,20,20,0,20,20,20
new,5000,none,1,scroll_pages,rows_reached,30,30,0,0,0,0,30,61.5,63,1.526,61.5,60,63
new,5000,none,1,sort_change,duration_ms,30,30,0,0,0,0,30,84.9,90.82,2.389,85.403,83.1,92.6
new,5000,none,1,sort_change,tbt_ms,30,30,0,0,0,0,30,0,0,0,0,0,0
new,5000,none,1,sort_change,long_tasks,30,30,0,0,0,0,30,0,0,0,0,0,0
new,5000,none,1,sort_change,js_heap_used_bytes,30,30,0,0,0,0,30,13696098,13732030.6,26740.64,13694598.533,13625788,13753360
new,5000,none,1,sort_change,js_heap_used_after_gc_bytes,30,30,0,0,0,0,30,11235478,11242050.2,3331.186,11236307.733,11232852,11243064
new,5000,none,1,sort_change,dom_nodes,30,30,0,0,0,0,30,847,847,0,847,847,847
new,5000,none,1,sort_change,dom_elements,30,30,0,0,0,0,30,560,560,0,560,560,560
new,5000,none,1,sort_change,api_requests,30,30,0,0,0,0,30,1,1,0,1,1,1
new,5000,none,1,sort_change,api_transfer_bytes,30,30,0,0,0,0,30,15188,15188,0,15188,15188,15188
new,5000,none,1,sort_change,api_body_bytes,30,30,0,0,0,0,30,14880,14880,0,14880,14880,14880
new,5000,none,1,sort_change,api_items,30,30,0,0,0,0,30,20,20,0,20,20,20
new,5000,none,1,sort_change,total_requests,30,30,0,0,0,0,30,1,1,0,1,1,1
new,5000,none,1,sort_change,total_transfer_bytes,30,30,0,0,0,0,30,15188,15188,0,15188,15188,15188
new,5000,none,1,sort_change,rows_rendered,30,30,0,0,0,0,30,12,12,0,12,12,12
new,10000,none,1,filter_change,duration_ms,30,30,0,0,0,0,30,72,75.665,2.06,71.933,68.8,76.1
new,10000,none,1,filter_change,tbt_ms,30,30,0,0,0,0,30,0,0,0,0,0,0
new,10000,none,1,filter_change,long_tasks,30,30,0,0,0,0,30,0,0,0,0,0,0
new,10000,none,1,filter_change,js_heap_used_bytes,30,30,0,0,0,0,30,14517534,14549946.4,140687.554,14497192.933,13758860,14557520
new,10000,none,1,filter_change,js_heap_used_after_gc_bytes,30,30,0,0,0,0,30,11408678,11412227.2,2662.265,11408358.933,11399520,11412604
new,10000,none,1,filter_change,dom_nodes,30,30,0,0,0,0,30,904,904,0,904,904,904
new,10000,none,1,filter_change,dom_elements,30,30,0,0,0,0,30,620,620,0,620,620,620
new,10000,none,1,filter_change,api_requests,30,30,0,0,0,0,30,1,1,0,1,1,1
new,10000,none,1,filter_change,api_transfer_bytes,30,30,0,0,0,0,30,15263,15263,0,15263,15263,15263
new,10000,none,1,filter_change,api_body_bytes,30,30,0,0,0,0,30,14955,14955,0,14955,14955,14955
new,10000,none,1,filter_change,api_items,30,30,0,0,0,0,30,20,20,0,20,20,20
new,10000,none,1,filter_change,total_requests,30,30,0,0,0,0,30,1,1,0,1,1,1
new,10000,none,1,filter_change,total_transfer_bytes,30,30,0,0,0,0,30,15263,15263,0,15263,15263,15263
new,10000,none,1,filter_change,rows_rendered,30,30,0,0,0,0,30,12,12,0,12,12,12
new,10000,none,1,initial_load,duration_ms,30,30,0,0,0,0,30,567.8,574.97,4.08,567.72,561.5,576.7
new,10000,none,1,initial_load,first_row_ms,30,30,0,0,0,0,30,567.8,574.97,4.08,567.72,561.5,576.7
new,10000,none,1,initial_load,list_ready_ms,30,30,0,0,0,0,30,567.8,574.97,4.08,567.72,561.5,576.7
new,10000,none,1,initial_load,fcp_ms,30,30,0,0,0,0,30,64,80,5.689,66.667,60,80
new,10000,none,1,initial_load,lcp_ms,30,30,0,0,0,0,30,514,768,130.148,589.6,452,776
new,10000,none,1,initial_load,tbt_ms,30,30,0,0,0,0,30,16,19,2.908,15.4,9,21
new,10000,none,1,initial_load,long_tasks,30,30,0,0,0,0,30,2,3,0.305,2.1,2,3
new,10000,none,1,initial_load,js_heap_used_bytes,30,30,0,0,0,0,30,11560918,11586645,20520.279,11559133.333,11516640,11596920
new,10000,none,1,initial_load,js_heap_used_after_gc_bytes,30,30,0,0,0,0,30,9680366,9690632.6,4292.104,9682960.533,9679212,9692316
new,10000,none,1,initial_load,dom_nodes,30,30,0,0,0,0,30,796,796,0,796,796,796
new,10000,none,1,initial_load,dom_elements,30,30,0,0,0,0,30,541,541,0,541,541,541
new,10000,none,1,initial_load,api_requests,30,30,0,0,0,0,30,1,1,0,1,1,1
new,10000,none,1,initial_load,api_transfer_bytes,30,30,0,0,0,0,30,15331,15331,0,15331,15331,15331
new,10000,none,1,initial_load,api_body_bytes,30,30,0,0,0,0,30,15022,15022,0,15022,15022,15022
new,10000,none,1,initial_load,api_items,30,30,0,0,0,0,30,20,20,0,20,20,20
new,10000,none,1,initial_load,total_requests,30,30,0,0,0,0,30,9,9,0,9,9,9
new,10000,none,1,initial_load,total_transfer_bytes,30,30,0,0,0,0,30,859334,859334,0,859334,859334,859334
new,10000,none,1,initial_load,rows_rendered,30,30,0,0,0,0,30,12,12,0,12,12,12
new,10000,none,1,scroll_all,duration_ms,30,27,3,0,0,0,27,91147.8,92069.77,626.519,91080.207,89832.8,92111
new,10000,none,1,scroll_all,tbt_ms,30,27,3,0,0,0,27,0,0,0,0,0,0
new,10000,none,1,scroll_all,long_tasks,30,27,3,0,0,0,27,0,0,0,0,0,0
new,10000,none,1,scroll_all,js_heap_used_bytes,30,27,3,0,0,0,27,56142148,67393882,7998790.175,56281635.852,41867472,71563160
new,10000,none,1,scroll_all,js_heap_used_after_gc_bytes,30,27,3,0,0,0,27,23287092,23316240.4,18446.406,23290051.259,23254748,23333040
new,10000,none,1,scroll_all,dom_nodes,30,27,3,0,0,0,27,942,942,0,942,942,942
new,10000,none,1,scroll_all,dom_elements,30,27,3,0,0,0,27,633,633,0,633,633,633
new,10000,none,1,scroll_all,api_requests,30,27,3,0,0,0,27,459,459,0,459,459,459
new,10000,none,1,scroll_all,api_transfer_bytes,30,27,3,0,0,0,27,7021101,7021101,0,7021101,7021101,7021101
new,10000,none,1,scroll_all,api_body_bytes,30,27,3,0,0,0,27,6879522,6879522,0,6879522,6879522,6879522
new,10000,none,1,scroll_all,api_items,30,27,3,0,0,0,27,9169,9169,0,9169,9169,9169
new,10000,none,1,scroll_all,total_requests,30,27,3,0,0,0,27,460,460,0,460,460,460
new,10000,none,1,scroll_all,total_transfer_bytes,30,27,3,0,0,0,27,7021558,7021558,0,7021558,7021558,7021558
new,10000,none,1,scroll_all,rows_rendered,30,27,3,0,0,0,27,15,15,0,15,15,15
new,10000,none,1,scroll_all,rows_reached,30,27,3,0,0,0,27,9189,9189,0,9189,9189,9189
new,10000,none,1,scroll_pages,duration_ms,30,30,0,0,0,0,30,988.3,1019.215,35.938,980.913,864,1021.1
new,10000,none,1,scroll_pages,tbt_ms,30,30,0,0,0,0,30,0,0,0,0,0,0
new,10000,none,1,scroll_pages,long_tasks,30,30,0,0,0,0,30,0,0,0,0,0,0
new,10000,none,1,scroll_pages,js_heap_used_bytes,30,30,0,0,0,0,30,17319426,17785581.6,239343.096,17335980.267,17088524,18164888
new,10000,none,1,scroll_pages,js_heap_used_after_gc_bytes,30,30,0,0,0,0,30,11085172,11086026,16096.721,11076313.733,11044200,11087024
new,10000,none,1,scroll_pages,dom_nodes,30,30,0,0,0,0,30,1259,1259,0,1259,1259,1259
new,10000,none,1,scroll_pages,dom_elements,30,30,0,0,0,0,30,834,834,0,834,834,834
new,10000,none,1,scroll_pages,api_requests,30,30,0,0,0,0,30,3,3,0,3,3,3
new,10000,none,1,scroll_pages,api_transfer_bytes,30,30,0,0,0,0,30,45841,45841,0,45841,45841,45841
new,10000,none,1,scroll_pages,api_body_bytes,30,30,0,0,0,0,30,44917,44917,0,44917,44917,44917
new,10000,none,1,scroll_pages,api_items,30,30,0,0,0,0,30,60,60,0,60,60,60
new,10000,none,1,scroll_pages,total_requests,30,30,0,0,0,0,30,3,3,0,3,3,3
new,10000,none,1,scroll_pages,total_transfer_bytes,30,30,0,0,0,0,30,45841,45841,0,45841,45841,45841
new,10000,none,1,scroll_pages,rows_rendered,30,30,0,0,0,0,30,21,21,0,21,21,21
new,10000,none,1,scroll_pages,rows_reached,30,30,0,0,0,0,30,63,63,1.241,62.333,60,63
new,10000,none,1,sort_change,duration_ms,30,30,0,0,0,0,30,87.15,89.555,1.658,87.207,83.8,90.2
new,10000,none,1,sort_change,tbt_ms,30,30,0,0,0,0,30,0,0,0,0,0,0
new,10000,none,1,sort_change,long_tasks,30,30,0,0,0,0,30,0,0,0,0,0,0
new,10000,none,1,sort_change,js_heap_used_bytes,30,30,0,0,0,0,30,13742696,13788712.6,28942.788,13744246.133,13696548,13812816
new,10000,none,1,sort_change,js_heap_used_after_gc_bytes,30,30,0,0,0,0,30,11246042,11253606.8,2893.037,11247366,11245056,11255488
new,10000,none,1,sort_change,dom_nodes,30,30,0,0,0,0,30,857,857,0,857,857,857
new,10000,none,1,sort_change,dom_elements,30,30,0,0,0,0,30,566,566,0,566,566,566
new,10000,none,1,sort_change,api_requests,30,30,0,0,0,0,30,1,1,0,1,1,1
new,10000,none,1,sort_change,api_transfer_bytes,30,30,0,0,0,0,30,15175,15175,0,15175,15175,15175
new,10000,none,1,sort_change,api_body_bytes,30,30,0,0,0,0,30,14867,14867,0,14867,14867,14867
new,10000,none,1,sort_change,api_items,30,30,0,0,0,0,30,20,20,0,20,20,20
new,10000,none,1,sort_change,total_requests,30,30,0,0,0,0,30,1,1,0,1,1,1
new,10000,none,1,sort_change,total_transfer_bytes,30,30,0,0,0,0,30,15175,15175,0,15175,15175,15175
new,10000,none,1,sort_change,rows_rendered,30,30,0,0,0,0,30,12,12,0,12,12,12
old,100,none,1,filter_change,duration_ms,30,30,0,0,0,0,30,18.2,20.065,0.954,18.42,17.1,20.8
old,100,none,1,filter_change,tbt_ms,30,30,0,0,0,0,30,0,0,0,0,0,0
old,100,none,1,filter_change,long_tasks,30,30,0,0,0,0,30,0,0,0,0,0,0
old,100,none,1,filter_change,js_heap_used_bytes,30,30,0,0,0,0,30,20068370,20127047.8,37257.031,20070365.2,19988688,20160316
old,100,none,1,filter_change,js_heap_used_after_gc_bytes,30,30,0,0,0,0,30,14005256,14008156.4,3079.662,14004347.2,13998664,14009104
old,100,none,1,filter_change,dom_nodes,30,30,0,0,0,0,30,1493,1493,0,1493,1493,1493
old,100,none,1,filter_change,dom_elements,30,30,0,0,0,0,30,995,995,0,995,995,995
old,100,none,1,filter_change,api_requests,30,30,0,0,0,0,30,0,0,0,0,0,0
old,100,none,1,filter_change,api_transfer_bytes,30,30,0,0,0,0,30,0,0,0,0,0,0
old,100,none,1,filter_change,api_body_bytes,30,30,0,0,0,0,30,0,0,0,0,0,0
old,100,none,1,filter_change,api_items,30,30,0,0,0,0,30,0,0,0,0,0,0
old,100,none,1,filter_change,total_requests,30,30,0,0,0,0,30,0,0,0,0,0,0
old,100,none,1,filter_change,total_transfer_bytes,30,30,0,0,0,0,30,0,0,0,0,0,0
old,100,none,1,filter_change,rows_rendered,30,30,0,0,0,0,30,24,24,0,24,24,24
old,100,none,1,initial_load,duration_ms,30,30,0,0,0,0,30,486.35,495.54,4.695,487.117,478.1,497.6
old,100,none,1,initial_load,first_row_ms,30,30,0,0,0,0,30,486.35,495.54,4.695,487.117,478.1,497.6
old,100,none,1,initial_load,list_ready_ms,30,30,0,0,0,0,30,486.35,495.54,4.695,487.117,478.1,497.6
old,100,none,1,initial_load,fcp_ms,30,30,0,0,0,0,30,108,120,6.139,110.8,100,124
old,100,none,1,initial_load,lcp_ms,30,30,0,0,0,0,30,488,661.2,74.139,532.4,468,688
old,100,none,1,initial_load,tbt_ms,30,30,0,0,0,0,30,18,23.55,3.075,18.3,13,24
old,100,none,1,initial_load,long_tasks,30,30,0,0,0,0,30,1,1,0.183,1.033,1,2
old,100,none,1,initial_load,js_heap_used_bytes,30,30,0,0,0,0,30,17131246,17177278.2,38425.282,17130572.667,17059040,17261972
old,100,none,1,initial_load,js_heap_used_after_gc_bytes,30,30,0,0,0,0,30,13935888,13949685.6,6375.765,13937794.8,13925544,13953284
old,100,none,1,initial_load,dom_nodes,30,30,0,0,0,0,30,4859,4859,0,4859,4859,4859
old,100,none,1,initial_load,dom_elements,30,30,0,0,0,0,30,3112,3112,0,3112,3112,3112
old,100,none,1,initial_load,api_requests,30,30,0,0,0,0,30,1,1,0,1,1,1
old,100,none,1,initial_load,api_transfer_bytes,30,30,0,0,0,0,30,77458,77458,0,77458,77458,77458
old,100,none,1,initial_load,api_body_bytes,30,30,0,0,0,0,30,77127,77127,0,77127,77127,77127
old,100,none,1,initial_load,api_items,30,30,0,0,0,0,30,94,94,0,94,94,94
old,100,none,1,initial_load,total_requests,30,30,0,0,0,0,30,11,11,0,11,11,11
old,100,none,1,initial_load,total_transfer_bytes,30,30,0,0,0,0,30,3138161,3138161,0,3138161,3138161,3138161
old,100,none,1,initial_load,rows_rendered,30,30,0,0,0,0,30,94,94,0,94,94,94
old,100,none,1,scroll_all,duration_ms,30,30,0,0,0,0,30,333.55,359.16,15.666,335.64,305,375.1
old,100,none,1,scroll_all,tbt_ms,30,30,0,0,0,0,30,0,0,0,0,0,0
old,100,none,1,scroll_all,long_tasks,30,30,0,0,0,0,30,0,0,0,0,0,0
old,100,none,1,scroll_all,js_heap_used_bytes,30,30,0,0,0,0,30,17292006,17358322.8,31640.898,17296282.533,17234064,17375956
old,100,none,1,scroll_all,js_heap_used_after_gc_bytes,30,30,0,0,0,0,30,13940806,13949247.6,5215.388,13940884.667,13931716,13953740
old,100,none,1,scroll_all,dom_nodes,30,30,0,0,0,0,30,4859,4859,0,4859,4859,4859
old,100,none,1,scroll_all,dom_elements,30,30,0,0,0,0,30,3112,3112,0,3112,3112,3112
old,100,none,1,scroll_all,api_requests,30,30,0,0,0,0,30,0,0,0,0,0,0
old,100,none,1,scroll_all,api_transfer_bytes,30,30,0,0,0,0,30,0,0,0,0,0,0
old,100,none,1,scroll_all,api_body_bytes,30,30,0,0,0,0,30,0,0,0,0,0,0
old,100,none,1,scroll_all,api_items,30,30,0,0,0,0,30,0,0,0,0,0,0
old,100,none,1,scroll_all,total_requests,30,30,0,0,0,0,30,0,0,0,0,0,0
old,100,none,1,scroll_all,total_transfer_bytes,30,30,0,0,0,0,30,0,0,0,0,0,0
old,100,none,1,scroll_all,rows_rendered,30,30,0,0,0,0,30,94,94,0,94,94,94
old,100,none,1,scroll_all,rows_reached,30,30,0,0,0,0,30,94,94,0,94,94,94
old,100,none,1,scroll_pages,duration_ms,30,30,0,0,0,0,30,790.4,804.075,9.238,790.313,774.3,813.3
old,100,none,1,scroll_pages,tbt_ms,30,30,0,0,0,0,30,0,0,0,0,0,0
old,100,none,1,scroll_pages,long_tasks,30,30,0,0,0,0,30,0,0,0,0,0,0
old,100,none,1,scroll_pages,js_heap_used_bytes,30,30,0,0,0,0,30,17235836,17287026.8,34419.233,17234000.8,17169024,17314440
old,100,none,1,scroll_pages,js_heap_used_after_gc_bytes,30,30,0,0,0,0,30,13944706,13951563.2,4540.033,13945813.333,13937100,13955992
old,100,none,1,scroll_pages,dom_nodes,30,30,0,0,0,0,30,4859,4859,0,4859,4859,4859
old,100,none,1,scroll_pages,dom_elements,30,30,0,0,0,0,30,3112,3112,0,3112,3112,3112
old,100,none,1,scroll_pages,api_requests,30,30,0,0,0,0,30,0,0,0,0,0,0
old,100,none,1,scroll_pages,api_transfer_bytes,30,30,0,0,0,0,30,0,0,0,0,0,0
old,100,none,1,scroll_pages,api_body_bytes,30,30,0,0,0,0,30,0,0,0,0,0,0
old,100,none,1,scroll_pages,api_items,30,30,0,0,0,0,30,0,0,0,0,0,0
old,100,none,1,scroll_pages,total_requests,30,30,0,0,0,0,30,0,0,0,0,0,0
old,100,none,1,scroll_pages,total_transfer_bytes,30,30,0,0,0,0,30,0,0,0,0,0,0
old,100,none,1,scroll_pages,rows_rendered,30,30,0,0,0,0,30,94,94,0,94,94,94
old,100,none,1,scroll_pages,rows_reached,30,30,0,0,0,0,30,61,61,0,61,61,61
old,100,none,1,sort_change,duration_ms,30,30,0,0,0,0,30,30.7,33.675,1.61,31.103,28.9,34.5
old,100,none,1,sort_change,tbt_ms,30,30,0,0,0,0,30,0,0,0,0,0,0
old,100,none,1,sort_change,long_tasks,30,30,0,0,0,0,30,0,0,0,0,0,0
old,100,none,1,sort_change,js_heap_used_bytes,30,30,0,0,0,0,30,20497242,20503127.4,11781.349,20493391.067,20466012,20514388
old,100,none,1,sort_change,js_heap_used_after_gc_bytes,30,30,0,0,0,0,30,20174044,20176980.6,12001.435,20168855.2,20142148,20181932
old,100,none,1,sort_change,dom_nodes,30,30,0,0,0,0,30,5571,5571,0,5571,5571,5571
old,100,none,1,sort_change,dom_elements,30,30,0,0,0,0,30,3711,3711,0,3711,3711,3711
old,100,none,1,sort_change,api_requests,30,30,0,0,0,0,30,0,0,0,0,0,0
old,100,none,1,sort_change,api_transfer_bytes,30,30,0,0,0,0,30,0,0,0,0,0,0
old,100,none,1,sort_change,api_body_bytes,30,30,0,0,0,0,30,0,0,0,0,0,0
old,100,none,1,sort_change,api_items,30,30,0,0,0,0,30,0,0,0,0,0,0
old,100,none,1,sort_change,total_requests,30,30,0,0,0,0,30,0,0,0,0,0,0
old,100,none,1,sort_change,total_transfer_bytes,30,30,0,0,0,0,30,0,0,0,0,0,0
old,100,none,1,sort_change,rows_rendered,30,30,0,0,0,0,30,94,94,0,94,94,94
old,1000,none,1,filter_change,duration_ms,30,30,0,0,0,0,30,68.6,75.685,5.212,68.017,56.7,77.7
old,1000,none,1,filter_change,tbt_ms,30,30,0,0,0,0,30,0,22.75,7.463,2.767,0,26
old,1000,none,1,filter_change,long_tasks,30,30,0,0,0,0,30,0,1,0.346,0.133,0,1
old,1000,none,1,filter_change,js_heap_used_bytes,30,30,0,0,0,0,30,65695816,89265796.2,8753973.286,69518511.2,65501424,89457756
old,1000,none,1,filter_change,js_heap_used_after_gc_bytes,30,30,0,0,0,0,30,34216916,34327097,39541.02,34226992.533,34168644,34333984
old,1000,none,1,filter_change,dom_nodes,30,30,0,0,0,0,30,11320,11320,0,11320,11320,11320
old,1000,none,1,filter_change,dom_elements,30,30,0,0,0,0,30,7208,7208,0,7208,7208,7208
old,1000,none,1,filter_change,api_requests,30,30,0,0,0,0,30,0,0,0,0,0,0
old,1000,none,1,filter_change,api_transfer_bytes,30,30,0,0,0,0,30,0,0,0,0,0,0
old,1000,none,1,filter_change,api_body_bytes,30,30,0,0,0,0,30,0,0,0,0,0,0
old,1000,none,1,filter_change,api_items,30,30,0,0,0,0,30,0,0,0,0,0,0
old,1000,none,1,filter_change,total_requests,30,30,0,0,0,0,30,1,1,0,1,1,1
old,1000,none,1,filter_change,total_transfer_bytes,30,30,0,0,0,0,30,289,289,0,289,289,289
old,1000,none,1,filter_change,rows_rendered,30,30,0,0,0,0,30,222,222,0,222,222,222
old,1000,none,1,initial_load,duration_ms,30,30,0,0,0,0,30,2406.6,2427.985,14.155,2407.083,2386,2458.4
old,1000,none,1,initial_load,first_row_ms,30,30,0,0,0,0,30,2406.6,2427.985,14.155,2407.083,2386,2458.4
old,1000,none,1,initial_load,list_ready_ms,30,30,0,0,0,0,30,2406.6,2427.985,14.155,2407.083,2386,2458.4
old,1000,none,1,initial_load,fcp_ms,30,30,0,0,0,0,30,116,128,7.796,116.667,104,132
old,1000,none,1,initial_load,lcp_ms,30,30,0,0,0,0,30,2698,2796,1042.006,2056.533,464,2808
old,1000,none,1,initial_load,tbt_ms,30,30,0,0,0,0,30,147,172.2,71.466,94.467,14,182
old,1000,none,1,initial_load,long_tasks,30,30,0,0,0,0,30,2,2,0.507,1.533,1,2
old,1000,none,1,initial_load,js_heap_used_bytes,30,30,0,0,0,0,30,49950502,66226061.2,5102025.187,51631615.6,49941784,67582764
old,1000,none,1,initial_load,js_heap_used_after_gc_bytes,30,30,0,0,0,0,30,49711766,49717805,4755.605,49711212.533,49704012,49721728
old,1000,none,1,initial_load,dom_nodes,30,30,0,0,0,0,30,45652,45652,0,45652,45652,45652
old,1000,none,1,initial_load,dom_elements,30,30,0,0,0,0,30,28903,28903,0,28903,28903,28903
old,1000,none,1,initial_load,api_requests,30,30,0,0,0,0,30,1,1,0,1,1,1
old,1000,none,1,initial_load,api_transfer_bytes,30,30,0,0,0,0,30,754936,754940.4,2.03,754936.533,754936,754944
old,1000,none,1,initial_load,api_body_bytes,30,30,0,0,0,0,30,753629,753629,0,753629,753629,753629
old,1000,none,1,initial_load,api_items,30,30,0,0,0,0,30,916,916,0,916,916,916
old,1000,none,1,initial_load,total_requests,30,30,0,0,0,0,30,12,12,0,12,12,12
old,1000,none,1,initial_load,total_transfer_bytes,30,30,0,0,0,0,30,3815928,3815932.4,2.03,3815928.533,3815928,3815936
old,1000,none,1,initial_load,rows_rendered,30,30,0,0,0,0,30,916,916,0,916,916,916
old,1000,none,1,scroll_all,duration_ms,30,30,0,0,0,0,30,3432.35,3516.46,38.237,3439.477,3371.5,3529.3
old,1000,none,1,scroll_all,tbt_ms,30,30,0,0,0,0,30,0,0,0,0,0,0
old,1000,none,1,scroll_all,long_tasks,30,30,0,0,0,0,30,0,0,0,0,0,0
old,1000,none,1,scroll_all,js_heap_used_bytes,30,30,0,0,0,0,30,50573582,66818316,5011256.679,52238064.533,50556492,67454228
old,1000,none,1,scroll_all,js_heap_used_after_gc_bytes,30,30,0,0,0,0,30,49733164,49740244.6,4452.718,49732996.933,49719460,49741784
old,1000,none,1,scroll_all,dom_nodes,30,30,0,0,0,0,30,45652,45652,0,45652,45652,45652
old,1000,none,1,scroll_all,dom_elements,30,30,0,0,0,0,30,28903,28903,0,28903,28903,28903
old,1000,none,1,scroll_all,api_requests,30,30,0,0,0,0,30,0,0,0,0,0,0
old,1000,none,1,scroll_all,api_transfer_bytes,30,30,0,0,0,0,30,0,0,0,0,0,0
old,1000,none,1,scroll_all,api_body_bytes,30,30,0,0,0,0,30,0,0,0,0,0,0
old,1000,none,1,scroll_all,api_items,30,30,0,0,0,0,30,0,0,0,0,0,0
old,1000,none,1,scroll_all,total_requests,30,30,0,0,0,0,30,2,2,0,2,2,2
old,1000,none,1,scroll_all,total_transfer_bytes,30,30,0,0,0,0,30,578,578,0,578,578,578
old,1000,none,1,scroll_all,rows_rendered,30,30,0,0,0,0,30,916,916,0,916,916,916
old,1000,none,1,scroll_all,rows_reached,30,30,0,0,0,0,30,916,916,0,916,916,916
old,1000,none,1,scroll_pages,duration_ms,30,30,0,0,0,0,30,774.25,862.59,34.832,783.263,740.1,884.9
old,1000,none,1,scroll_pages,tbt_ms,30,30,0,0,0,0,30,0,0,0,0,0,0
old,1000,none,1,scroll_pages,long_tasks,30,30,0,0,0,0,30,0,0,0,0,0,0
old,1000,none,1,scroll_pages,js_heap_used_bytes,30,30,0,0,0,0,30,50065704,67763939.8,7533023.587,54131696.267,50053688,70597004
old,1000,none,1,scroll_pages,js_heap_used_after_gc_bytes,30,30,0,0,0,0,30,49726688,49735128.4,5465.495,49725756.133,49715796,49738504
old,1000,none,1,scroll_pages,dom_nodes,30,30,0,0,0,0,30,45652,45652,0,45652,45652,45652
old,1000,none,1,scroll_pages,dom_elements,30,30,0,0,0,0,30,28903,28903,0,28903,28903,28903
old,1000,none,1,scroll_pages,api_requests,30,30,0,0,0,0,30,0,0,0,0,0,0
old,1000,none,1,scroll_pages,api_transfer_bytes,30,30,0,0,0,0,30,0,0,0,0,0,0
old,1000,none,1,scroll_pages,api_body_bytes,30,30,0,0,0,0,30,0,0,0,0,0,0
old,1000,none,1,scroll_pages,api_items,30,30,0,0,0,0,30,0,0,0,0,0,0
old,1000,none,1,scroll_pages,total_requests,30,30,0,0,0,0,30,1,1,0,1,1,1
old,1000,none,1,scroll_pages,total_transfer_bytes,30,30,0,0,0,0,30,289,289,0,289,289,289
old,1000,none,1,scroll_pages,rows_rendered,30,30,0,0,0,0,30,916,916,0,916,916,916
old,1000,none,1,scroll_pages,rows_reached,30,30,0,0,0,0,30,62,62,0,62,62,62
old,1000,none,1,sort_change,duration_ms,30,30,0,0,0,0,30,391.35,405.15,11.621,391.49,346.8,406.6
old,1000,none,1,sort_change,tbt_ms,30,30,0,0,0,0,30,0,0,60.615,11.067,0,332
old,1000,none,1,sort_change,long_tasks,30,30,0,0,0,0,30,0,0,0.183,0.033,0,1
old,1000,none,1,sort_change,js_heap_used_bytes,30,30,0,0,0,0,30,124622202,125104667.4,194816.192,124708490.267,124531340,125292868
old,1000,none,1,sort_change,js_heap_used_after_gc_bytes,30,30,0,0,0,0,30,89701492,89725675.6,96846.317,89718470.533,89686048,90228920
old,1000,none,1,sort_change,dom_nodes,30,30,0,0,0,0,30,50543,50543,0,50543,50543,50543
old,1000,none,1,sort_change,dom_elements,30,30,0,0,0,0,30,33084,33084,0,33084,33084,33084
old,1000,none,1,sort_change,api_requests,30,30,0,0,0,0,30,0,0,0,0,0,0
old,1000,none,1,sort_change,api_transfer_bytes,30,30,0,0,0,0,30,0,0,0,0,0,0
old,1000,none,1,sort_change,api_body_bytes,30,30,0,0,0,0,30,0,0,0,0,0,0
old,1000,none,1,sort_change,api_items,30,30,0,0,0,0,30,0,0,0,0,0,0
old,1000,none,1,sort_change,total_requests,30,30,0,0,0,0,30,0,0,0,0,0,0
old,1000,none,1,sort_change,total_transfer_bytes,30,30,0,0,0,0,30,0,0,0,0,0,0
old,1000,none,1,sort_change,rows_rendered,30,30,0,0,0,0,30,916,916,0,916,916,916
old,3000,none,1,filter_change,duration_ms,30,30,0,0,0,0,30,222.85,246.405,14.292,224.767,209.2,278.6
old,3000,none,1,filter_change,tbt_ms,30,30,0,0,0,0,30,0,89.1,42.521,11.167,0,173
old,3000,none,1,filter_change,long_tasks,30,30,0,0,0,0,30,0,0.55,0.254,0.067,0,1
old,3000,none,1,filter_change,js_heap_used_bytes,30,30,0,0,0,0,30,275646420,294002656,26559788.243,268097426.4,217237568,295067816
old,3000,none,1,filter_change,js_heap_used_after_gc_bytes,30,30,0,0,0,0,30,82262102,82291654,20215.914,82260943.467,82224392,82309728
old,3000,none,1,filter_change,dom_nodes,30,30,0,0,0,0,30,34869,34869,0,34869,34869,34869
old,3000,none,1,filter_change,dom_elements,30,30,0,0,0,0,30,22091,22091,0,22091,22091,22091
old,3000,none,1,filter_change,api_requests,30,30,0,0,0,0,30,0,0,0,0,0,0
old,3000,none,1,filter_change,api_transfer_bytes,30,30,0,0,0,0,30,0,0,0,0,0,0
old,3000,none,1,filter_change,api_body_bytes,30,30,0,0,0,0,30,0,0,0,0,0,0
old,3000,none,1,filter_change,api_items,30,30,0,0,0,0,30,0,0,0,0,0,0
old,3000,none,1,filter_change,total_requests,30,30,0,0,0,0,30,0,0,0,0,0,0
old,3000,none,1,filter_change,total_transfer_bytes,30,30,0,0,0,0,30,0,0,0,0,0,0
old,3000,none,1,filter_change,rows_rendered,30,30,0,0,0,0,30,693,693,0,693,693,693
old,3000,none,1,initial_load,duration_ms,30,30,0,0,0,0,30,8142.35,8234.25,351.758,8064.07,6758.1,8328.6
old,3000,none,1,initial_load,first_row_ms,30,30,0,0,0,0,30,6816.15,6878.325,35.915,6815.847,6756,6896.4
old,3000,none,1,initial_load,list_ready_ms,30,30,0,0,0,0,30,8142.35,8234.25,351.758,8064.07,6758.1,8328.6
old,3000,none,1,initial_load,fcp_ms,30,30,0,0,0,0,30,114,128,8.214,114.8,100,128
old,3000,none,1,initial_load,lcp_ms,30,30,0,0,0,0,30,476,594.6,44.797,494.4,444,600
old,3000,none,1,initial_load,tbt_ms,30,30,0,0,0,0,30,1430.5,2181.8,378.86,1496.367,589,2348
old,3000,none,1,initial_load,long_tasks,30,30,0,0,0,0,30,7,8,0.89,6.633,5,8
old,3000,none,1,initial_load,js_heap_used_bytes,30,30,0,0,0,0,30,229524034,251958521.8,34962592.64,213856626.4,133581560,258423656
old,3000,none,1,initial_load,js_heap_used_after_gc_bytes,30,30,0,0,0,0,30,158301302,158328659.4,7583567.18,156309646.267,128396244,158335100
old,3000,none,1,initial_load,dom_nodes,30,30,0,0,0,0,30,137204,137204,0,137204,137204,137204
old,3000,none,1,initial_load,dom_elements,30,30,0,0,0,0,30,86775,86775,0,86775,86775,86775
old,3000,none,1,initial_load,api_requests,30,30,0,0,0,0,30,2,2,0.254,1.933,1,2
old,3000,none,1,initial_load,api_transfer_bytes,30,30,0,0,0,0,30,4541468,4541482,576100.926,4390086.1,2270734,4541482
old,3000,none,1,initial_load,api_body_bytes,30,30,0,0,0,0,30,4534518,4534518,575222.045,4383367.4,2267259,4534518
old,3000,none,1,initial_load,api_items,30,30,0,0,0,0,30,5508,5508,698.712,5324.4,2754,5508
old,3000,none,1,initial_load,total_requests,30,30,0,0,0,0,30,16,16,0.761,15.8,13,16
old,3000,none,1,initial_load,total_transfer_bytes,30,30,0,0,0,0,30,7603327,7603341,576247.57,7451906.567,5332015,7603341
old,3000,none,1,initial_load,rows_rendered,30,30,0,0,0,0,30,2754,2754,0,2754,2754,2754
old,3000,none,1,scroll_all,duration_ms,30,30,0,0,0,0,30,10084.35,10130.705,28.461,10087.213,10022.9,10147
old,3000,none,1,scroll_all,tbt_ms,30,30,0,0,0,0,30,0,0,0,0,0,0
old,3000,none,1,scroll_all,long_tasks,30,30,0,0,0,0,30,0,0,0,0,0,0
old,3000,none,1,scroll_all,js_heap_used_bytes,30,30,0,0,0,0,30,234305628,253073533,30841839.619,216209679.867,179484192,255203044
old,3000,none,1,scroll_all,js_heap_used_after_gc_bytes,30,30,0,0,0,0,30,158340856,158370718.4,45426.644,158346937.333,158296356,158565180
old,3000,none,1,scroll_all,dom_nodes,30,30,0,0,0,0,30,137204,137204,0,137204,137204,137204
old,3000,none,1,scroll_all,dom_elements,30,30,0,0,0,0,30,86775,86775,0,86775,86775,86775
old,3000,none,1,scroll_all,api_requests,30,30,0,0,0,0,30,0,0,0,0,0,0
old,3000,none,1,scroll_all,api_transfer_bytes,30,30,0,0,0,0,30,0,0,0,0,0,0
old,3000,none,1,scroll_all,api_body_bytes,30,30,0,0,0,0,30,0,0,0,0,0,0
old,3000,none,1,scroll_all,api_items,30,30,0,0,0,0,30,0,0,0,0,0,0
old,3000,none,1,scroll_all,total_requests,30,30,0,0,0,0,30,4,4,0.466,3.7,3,4
old,3000,none,1,scroll_all,total_transfer_bytes,30,30,0,0,0,0,30,1156,1156,134.7,1069.3,867,1156
old,3000,none,1,scroll_all,rows_rendered,30,30,0,0,0,0,30,2754,2754,0,2754,2754,2754
old,3000,none,1,scroll_all,rows_reached,30,30,0,0,0,0,30,2754,2754,0,2754,2754,2754
old,3000,none,1,scroll_pages,duration_ms,30,30,0,0,0,0,30,768.3,809.35,25.063,768.057,724.6,828.8
old,3000,none,1,scroll_pages,tbt_ms,30,30,0,0,0,0,30,0,0,0,0,0,0
old,3000,none,1,scroll_pages,long_tasks,30,30,0,0,0,0,30,0,0,0,0,0,0
old,3000,none,1,scroll_pages,js_heap_used_bytes,30,30,0,0,0,0,30,235350130,253158622.4,28027331.943,227135953.067,158596772,257151964
old,3000,none,1,scroll_pages,js_heap_used_after_gc_bytes,30,30,0,0,0,0,30,158288726,158313660.8,15205.041,158290172,158253060,158325548
old,3000,none,1,scroll_pages,dom_nodes,30,30,0,0,0,0,30,137204,137204,0,137204,137204,137204
old,3000,none,1,scroll_pages,dom_elements,30,30,0,0,0,0,30,86775,86775,0,86775,86775,86775
old,3000,none,1,scroll_pages,api_requests,30,30,0,0,0,0,30,0,0,0,0,0,0
old,3000,none,1,scroll_pages,api_transfer_bytes,30,30,0,0,0,0,30,0,0,0,0,0,0
old,3000,none,1,scroll_pages,api_body_bytes,30,30,0,0,0,0,30,0,0,0,0,0,0
old,3000,none,1,scroll_pages,api_items,30,30,0,0,0,0,30,0,0,0,0,0,0
old,3000,none,1,scroll_pages,total_requests,30,30,0,0,0,0,30,0,0,0,0,0,0
old,3000,none,1,scroll_pages,total_transfer_bytes,30,30,0,0,0,0,30,0,0,0,0,0,0
old,3000,none,1,scroll_pages,rows_rendered,30,30,0,0,0,0,30,2754,2754,0,2754,2754,2754
old,3000,none,1,scroll_pages,rows_reached,30,30,0,0,0,0,30,60,60,0,60,60,60
old,3000,none,1,sort_change,duration_ms,30,30,0,0,0,0,30,1770.35,1811.475,24.241,1768.777,1722.4,1825.1
old,3000,none,1,sort_change,tbt_ms,30,30,0,0,0,0,30,0,0,0,0,0,0
old,3000,none,1,sort_change,long_tasks,30,30,0,0,0,0,30,0,0,0,0,0,0
old,3000,none,1,sort_change,js_heap_used_bytes,30,30,0,0,0,0,30,404040442,420334007.6,27633642.99,393871433.467,336581588,422496632
old,3000,none,1,sort_change,js_heap_used_after_gc_bytes,30,30,0,0,0,0,30,229254436,229283546.6,35150.462,229242188.933,229164784,229299056
old,3000,none,1,sort_change,dom_nodes,30,30,0,0,0,0,30,146085,146085,0,146085,146085,146085
old,3000,none,1,sort_change,dom_elements,30,30,0,0,0,0,30,94376,94376,0,94376,94376,94376
old,3000,none,1,sort_change,api_requests,30,30,0,0,0,0,30,0,0,0,0,0,0
old,3000,none,1,sort_change,api_transfer_bytes,30,30,0,0,0,0,30,0,0,0,0,0,0
old,3000,none,1,sort_change,api_body_bytes,30,30,0,0,0,0,30,0,0,0,0,0,0
old,3000,none,1,sort_change,api_items,30,30,0,0,0,0,30,0,0,0,0,0,0
old,3000,none,1,sort_change,total_requests,30,30,0,0,0,0,30,1,2,0.346,1.133,1,2
old,3000,none,1,sort_change,total_transfer_bytes,30,30,0,0,0,0,30,289,578,99.921,327.533,289,578
old,3000,none,1,sort_change,rows_rendered,30,30,0,0,0,0,30,2754,2754,0,2754,2754,2754
old,5000,none,1,filter_change,duration_ms,30,30,0,0,0,0,30,352.05,374.42,13.109,355.597,332.1,383.3
old,5000,none,1,filter_change,tbt_ms,30,30,0,0,0,0,30,0,0,0,0,0,0
old,5000,none,1,filter_change,long_tasks,30,30,0,0,0,0,30,0,0,0,0,0,0
old,5000,none,1,filter_change,js_heap_used_bytes,30,30,0,0,0,0,30,326778774,585267721.4,114959065.001,374288555.2,129529160,601789288
old,5000,none,1,filter_change,js_heap_used_after_gc_bytes,30,30,0,0,0,0,30,129188172,129571588.4,145509.226,129238014.667,129139652,129692848
old,5000,none,1,filter_change,dom_nodes,30,30,0,0,0,0,30,58176,58176,0,58176,58176,58176
old,5000,none,1,filter_change,dom_elements,30,30,0,0,0,0,30,36824,36824,0,36824,36824,36824
old,5000,none,1,filter_change,api_requests,30,30,0,0,0,0,30,0,0,0,0,0,0
old,5000,none,1,filter_change,api_transfer_bytes,30,30,0,0,0,0,30,0,0,0,0,0,0
old,5000,none,1,filter_change,api_body_bytes,30,30,0,0,0,0,30,0,0,0,0,0,0
old,5000,none,1,filter_change,api_items,30,30,0,0,0,0,30,0,0,0,0,0,0
old,5000,none,1,filter_change,total_requests,30,30,0,0,0,0,30,0,0,0,0,0,0
old,5000,none,1,filter_change,total_transfer_bytes,30,30,0,0,0,0,30,0,0,0,0,0,0
old,5000,none,1,filter_change,rows_rendered,30,30,0,0,0,0,30,1161,1161,0,1161,1161,1161
old,5000,none,1,initial_load,duration_ms,30,30,0,0,0,0,30,13560.25,13677.29,103.147,13546.643,13205.8,13708.3
old,5000,none,1,initial_load,first_row_ms,30,30,0,0,0,0,30,11141.1,11217.17,54.667,11145.067,10982.1,11314.3
old,5000,none,1,initial_load,list_ready_ms,30,30,0,0,0,0,30,13560.25,13677.29,103.147,13546.643,13205.8,13708.3
old,5000,none,1,initial_load,fcp_ms,30,30,0,0,0,0,30,112,124,7.964,111.867,104,136
old,5000,none,1,initial_load,lcp_ms,30,30,0,0,0,0,30,470,518.6,30.925,478.267,420,588
old,5000,none,1,initial_load,tbt_ms,30,30,0,0,0,0,30,2717,2792.15,81.565,2696.967,2445,2799
old,5000,none,1,initial_load,long_tasks,30,30,0,0,0,0,30,8,9,0.648,7.833,7,9
old,5000,none,1,initial_load,js_heap_used_bytes,30,30,0,0,0,0,30,498614700,523844178.2,109701371.474,425704331.333,257472260,528312712
old,5000,none,1,initial_load,js_heap_used_after_gc_bytes,30,30,0,0,0,0,30,257177988,257210559.6,22191.302,257177269.6,257135980,257212936
old,5000,none,1,initial_load,dom_nodes,30,30,0,0,0,0,30,229087,229087,0,229087,229087,229087
old,5000,none,1,initial_load,dom_elements,30,30,0,0,0,0,30,144860,144860,0,144860,144860,144860
old,5000,none,1,initial_load,api_requests,30,30,0,0,0,0,30,2,2,0,2,2,2
old,5000,none,1,initial_load,api_transfer_bytes,30,30,0,0,0,0,30,7591004,7591008,13.701,7590998.067,7590959,7591008
old,5000,none,1,initial_load,api_body_bytes,30,30,0,0,0,0,30,7579622,7579622,0,7579622,7579622,7579622
old,5000,none,1,initial_load,api_items,30,30,0,0,0,0,30,9202,9202,0,9202,9202,9202
old,5000,none,1,initial_load,total_requests,30,30,0,0,0,0,30,19,19,0,19,19,19
old,5000,none,1,initial_load,total_transfer_bytes,30,30,0,0,0,0,30,10653730,10653734,13.701,10653724.067,10653685,10653734
old,5000,none,1,initial_load,rows_rendered,30,30,0,0,0,0,30,4601,4601,0,4601,4601,4601
old,5000,none,1,scroll_all,duration_ms,30,30,0,0,0,0,30,17554.65,18004.2,257.665,17611.71,17212.6,18329.7
old,5000,none,1,scroll_all,tbt_ms,30,30,0,0,0,0,30,0,0,0,0,0,0
old,5000,none,1,scroll_all,long_tasks,30,30,0,0,0,0,30,0,0,0.183,0.033,0,1
old,5000,none,1,scroll_all,js_heap_used_bytes,30,30,0,0,0,0,30,258186136,259409999.4,596635.843,258301660.267,257736400,260684908
old,5000,none,1,scroll_all,js_heap_used_after_gc_bytes,30,30,0,0,0,0,30,257225430,257264986.6,24705.12,257227972.933,257185396,257282664
old,5000,none,1,scroll_all,dom_nodes,30,30,0,0,0,0,30,229087,229087,0,229087,229087,229087
old,5000,none,1,scroll_all,dom_elements,30,30,0,0,0,0,30,144860,144860,0,144860,144860,144860
old,5000,none,1,scroll_all,api_requests,30,30,0,0,0,0,30,0,0,0,0,0,0
old,5000,none,1,scroll_all,api_transfer_bytes,30,30,0,0,0,0,30,0,0,0,0,0,0
old,5000,none,1,scroll_all,api_body_bytes,30,30,0,0,0,0,30,0,0,0,0,0,0
old,5000,none,1,scroll_all,api_items,30,30,0,0,0,0,30,0,0,0,0,0,0
old,5000,none,1,scroll_all,total_requests,30,30,0,0,0,0,30,6,6,0.183,6.033,6,7
old,5000,none,1,scroll_all,total_transfer_bytes,30,30,0,0,0,0,30,1734,1734,52.764,1743.633,1734,2023
old,5000,none,1,scroll_all,rows_rendered,30,30,0,0,0,0,30,4601,4601,0,4601,4601,4601
old,5000,none,1,scroll_all,rows_reached,30,30,0,0,0,0,30,4601,4601,0,4601,4601,4601
old,5000,none,1,scroll_pages,duration_ms,30,30,0,0,0,0,30,817,853.43,21.885,819.027,785.2,876.8
old,5000,none,1,scroll_pages,tbt_ms,30,30,0,0,0,0,30,0,0,0,0,0,0
old,5000,none,1,scroll_pages,long_tasks,30,30,0,0,0,0,30,0,0,0,0,0,0
old,5000,none,1,scroll_pages,js_heap_used_bytes,30,30,0,0,0,0,30,412432372,518612296.6,116310738.529,392539303.2,257470692,520860836
old,5000,none,1,scroll_pages,js_heap_used_after_gc_bytes,30,30,0,0,0,0,30,257165116,257194907.4,20071.82,257164599.2,257132484,257205988
old,5000,none,1,scroll_pages,dom_nodes,30,30,0,0,0,0,30,229087,229087,0,229087,229087,229087
old,5000,none,1,scroll_pages,dom_elements,30,30,0,0,0,0,30,144860,144860,0,144860,144860,144860
old,5000,none,1,scroll_pages,api_requests,30,30,0,0,0,0,30,0,0,0,0,0,0
old,5000,none,1,scroll_pages,api_transfer_bytes,30,30,0,0,0,0,30,0,0,0,0,0,0
old,5000,none,1,scroll_pages,api_body_bytes,30,30,0,0,0,0,30,0,0,0,0,0,0
old,5000,none,1,scroll_pages,api_items,30,30,0,0,0,0,30,0,0,0,0,0,0
old,5000,none,1,scroll_pages,total_requests,30,30,0,0,0,0,30,0,0,0,0,0,0
old,5000,none,1,scroll_pages,total_transfer_bytes,30,30,0,0,0,0,30,0,0,0,0,0,0
old,5000,none,1,scroll_pages,rows_rendered,30,30,0,0,0,0,30,4601,4601,0,4601,4601,4601
old,5000,none,1,scroll_pages,rows_reached,30,30,0,0,0,0,30,60,60,0,60,60,60
old,5000,none,1,sort_change,duration_ms,30,30,0,0,0,0,30,4848.75,5073,111.743,4859.693,4642.5,5106.2
old,5000,none,1,sort_change,tbt_ms,30,30,0,0,0,0,30,0,0,877.086,160.133,0,4804
old,5000,none,1,sort_change,long_tasks,30,30,0,0,0,0,30,0,0,0.183,0.033,0,1
old,5000,none,1,sort_change,js_heap_used_bytes,30,30,0,0,0,0,30,534579368,643368928,67800174.54,560096120.667,412521364,758171928
old,5000,none,1,sort_change,js_heap_used_after_gc_bytes,30,30,0,0,0,0,30,358243880,359929804.8,667349.803,358675602.4,358083892,360114836
old,5000,none,1,sort_change,dom_nodes,30,30,0,0,0,0,30,238983,238983,0,238983,238983,238983
old,5000,none,1,sort_change,dom_elements,30,30,0,0,0,0,30,153331,153331,0,153331,153331,153331
old,5000,none,1,sort_change,api_requests,30,30,0,0,0,0,30,0,0,0,0,0,0
old,5000,none,1,sort_change,api_transfer_bytes,30,30,0,0,0,0,30,0,0,0,0,0,0
old,5000,none,1,sort_change,api_body_bytes,30,30,0,0,0,0,30,0,0,0,0,0,0
old,5000,none,1,sort_change,api_items,30,30,0,0,0,0,30,0,0,0,0,0,0
old,5000,none,1,sort_change,total_requests,30,30,0,0,0,0,30,1,1,0,1,1,1
old,5000,none,1,sort_change,total_transfer_bytes,30,30,0,0,0,0,30,289,289,0,289,289,289
old,5000,none,1,sort_change,rows_rendered,30,30,0,0,0,0,30,4601,4601,0,4601,4601,4601
