variant,n,case,metric,count,median,p95,std,mean,min,max
new,100,all_pages,ttfb_ms,5,228.914,234,3.831,229.118,224.753,235.093
new,100,all_pages,total_ms,5,230.949,235.871,3.85,230.994,226.61,236.967
new,100,all_pages,bytes_raw,5,70150,70150,0,70150,70150,70150
new,100,all_pages,bytes_gzip,5,12055,12055,0,12055,12055,12055
new,100,all_pages,bytes_wire,5,70150,70150,0,70150,70150,70150
new,100,all_pages,items,5,94,94,0,94,94,94
new,100,all_pages,requests,5,5,5,0,5,5,5
new,100,filtered_first,ttfb_ms,30,46.056,47.91,1.839,45.947,41.383,51.214
new,100,filtered_first,total_ms,30,46.182,47.99,1.832,46.041,41.473,51.294
new,100,filtered_first,bytes_raw,30,14995,14995,0,14995,14995,14995
new,100,filtered_first,bytes_gzip,30,2431,2431,0,2431,2431,2431
new,100,filtered_first,bytes_wire,30,14995,14995,0,14995,14995,14995
new,100,filtered_first,items,30,20,20,0,20,20,20
new,100,filtered_first,requests,30,1,1,0,1,1,1
new,100,filtered_last,ttfb_ms,30,46.087,48.996,2.026,45.913,40.993,50.814
new,100,filtered_last,total_ms,30,46.159,49.078,2.021,46.003,41.08,50.92
new,100,filtered_last,bytes_raw,30,14995,14995,0,14995,14995,14995
new,100,filtered_last,bytes_gzip,30,2431,2431,0,2431,2431,2431
new,100,filtered_last,bytes_wire,30,14995,14995,0,14995,14995,14995
new,100,filtered_last,items,30,20,20,0,20,20,20
new,100,filtered_last,requests,30,1,1,0,1,1,1
new,100,page_first,ttfb_ms,30,47.811,49.645,1.981,47.569,42.753,51.807
new,100,page_first,total_ms,30,47.938,49.74,1.982,47.673,42.846,51.939
new,100,page_first,bytes_raw,30,15075,15075,0,15075,15075,15075
new,100,page_first,bytes_gzip,30,2598,2598,0,2598,2598,2598
new,100,page_first,bytes_wire,30,15075,15075,0,15075,15075,15075
new,100,page_first,items,30,20,20,0,20,20,20
new,100,page_first,requests,30,1,1,0,1,1,1
new,100,page_last,ttfb_ms,30,45.775,47.691,1.643,45.539,41.945,49.208
new,100,page_last,total_ms,30,45.851,47.768,1.633,45.633,42.038,49.293
new,100,page_last,bytes_raw,30,14880,14880,0,14880,14880,14880
new,100,page_last,bytes_gzip,30,2448,2448,0,2448,2448,2448
new,100,page_last,bytes_wire,30,14880,14880,0,14880,14880,14880
new,100,page_last,items,30,20,20,0,20,20,20
new,100,page_last,requests,30,1,1,0,1,1,1
new,100,page_middle,ttfb_ms,30,47.732,50.32,1.723,47.975,44.66,52.404
new,100,page_middle,total_ms,30,47.808,50.399,1.72,48.068,44.755,52.485
new,100,page_middle,bytes_raw,30,14877,14877,0,14877,14877,14877
new,100,page_middle,bytes_gzip,30,2549,2549,0,2549,2549,2549
new,100,page_middle,bytes_wire,30,14877,14877,0,14877,14877,14877
new,100,page_middle,items,30,20,20,0,20,20,20
new,100,page_middle,requests,30,1,1,0,1,1,1
new,1000,all_pages,ttfb_ms,5,2140.051,2159.545,13.48,2142.475,2126.738,2162.644
new,1000,all_pages,total_ms,5,2157.814,2176.608,13.321,2159.967,2143.957,2179.499
new,1000,all_pages,bytes_raw,5,685704,685704,0,685704,685704,685704
new,1000,all_pages,bytes_gzip,5,115167,115167,0,115167,115167,115167
new,1000,all_pages,bytes_wire,5,685704,685704,0,685704,685704,685704
new,1000,all_pages,items,5,916,916,0,916,916,916
new,1000,all_pages,requests,5,46,46,0,46,46,46
new,1000,filtered_first,ttfb_ms,30,48.033,50.395,1.73,48.027,44.422,52.454
new,1000,filtered_first,total_ms,30,48.126,50.465,1.728,48.113,44.498,52.556
new,1000,filtered_first,bytes_raw,30,15003,15003,0,15003,15003,15003
new,1000,filtered_first,bytes_gzip,30,2521,2521,0,2521,2521,2521
new,1000,filtered_first,bytes_wire,30,15003,15003,0,15003,15003,15003
new,1000,filtered_first,items,30,20,20,0,20,20,20
new,1000,filtered_first,requests,30,1,1,0,1,1,1
new,1000,filtered_last,ttfb_ms,30,45.907,48.442,1.818,45.697,42.298,49.158
new,1000,filtered_last,total_ms,30,45.977,48.52,1.82,45.775,42.374,49.233
new,1000,filtered_last,bytes_raw,30,14922,14922,0,14922,14922,14922
new,1000,filtered_last,bytes_gzip,30,2470,2470,0,2470,2470,2470
new,1000,filtered_last,bytes_wire,30,14922,14922,0,14922,14922,14922
new,1000,filtered_last,items,30,20,20,0,20,20,20
new,1000,filtered_last,requests,30,1,1,0,1,1,1
new,1000,page_first,ttfb_ms,30,47.951,50.311,1.879,47.7,44.612,50.632
new,1000,page_first,total_ms,30,48.03,50.387,1.881,47.784,44.681,50.71
new,1000,page_first,bytes_raw,30,14981,14981,0,14981,14981,14981
new,1000,page_first,bytes_gzip,30,2633,2633,0,2633,2633,2633
new,1000,page_first,bytes_wire,30,14981,14981,0,14981,14981,14981
new,1000,page_first,items,30,20,20,0,20,20,20
new,1000,page_first,requests,30,1,1,0,1,1,1
new,1000,page_last,ttfb_ms,30,45.873,47.897,1.637,45.699,41.876,48.376
new,1000,page_last,total_ms,30,45.948,47.974,1.63,45.782,41.952,48.46
new,1000,page_last,bytes_raw,30,14923,14923,0,14923,14923,14923
new,1000,page_last,bytes_gzip,30,2465,2465,0,2465,2465,2465
new,1000,page_last,bytes_wire,30,14923,14923,0,14923,14923,14923
new,1000,page_last,items,30,20,20,0,20,20,20
new,1000,page_last,requests,30,1,1,0,1,1,1
new,1000,page_middle,ttfb_ms,30,45.834,49.097,1.846,45.835,41.955,49.852
new,1000,page_middle,total_ms,30,45.903,49.171,1.847,45.914,42.025,49.921
new,1000,page_middle,bytes_raw,30,15029,15029,0,15029,15029,15029
new,1000,page_middle,bytes_gzip,30,2521,2521,0,2521,2521,2521
new,1000,page_middle,bytes_wire,30,15029,15029,0,15029,15029,15029
new,1000,page_middle,items,30,20,20,0,20,20,20
new,1000,page_middle,requests,30,1,1,0,1,1,1
new,3000,all_pages,ttfb_ms,5,6344.322,6434.722,50.66,6365.512,6322.641,6450.885
new,3000,all_pages,total_ms,5,6395.4,6484.831,50.905,6415.5,6371.085,6501.047
new,3000,all_pages,bytes_raw,5,2065272,2065272,0,2065272,2065272,2065272
new,3000,all_pages,bytes_gzip,5,348028,348028,0,348028,348028,348028
new,3000,all_pages,bytes_wire,5,2065272,2065272,0,2065272,2065272,2065272
new,3000,all_pages,items,5,2754,2754,0,2754,2754,2754
new,3000,all_pages,requests,5,138,138,0,138,138,138
new,3000,filtered_first,ttfb_ms,30,49.323,52.125,2.082,49.508,46.658,56.024
new,3000,filtered_first,total_ms,30,49.421,52.201,2.083,49.585,46.728,56.1
new,3000,filtered_first,bytes_raw,30,15087,15087,0,15087,15087,15087
new,3000,filtered_first,bytes_gzip,30,2509,2509,0,2509,2509,2509
new,3000,filtered_first,bytes_wire,30,15087,15087,0,15087,15087,15087
new,3000,filtered_first,items,30,20,20,0,20,20,20
new,3000,filtered_first,requests,30,1,1,0,1,1,1
new,3000,filtered_last,ttfb_ms,30,44.952,49.222,2.319,45.125,41.538,50.224
new,3000,filtered_last,total_ms,30,45.071,49.298,2.316,45.211,41.613,50.321
new,3000,filtered_last,bytes_raw,30,15051,15051,0,15051,15051,15051
new,3000,filtered_last,bytes_gzip,30,2422,2422,0,2422,2422,2422
new,3000,filtered_last,bytes_wire,30,15051,15051,0,15051,15051,15051
new,3000,filtered_last,items,30,20,20,0,20,20,20
new,3000,filtered_last,requests,30,1,1,0,1,1,1
new,3000,page_first,ttfb_ms,30,45.382,47.22,1.825,44.912,40.774,47.3
new,3000,page_first,total_ms,30,45.484,47.289,1.82,44.995,40.832,47.378
new,3000,page_first,bytes_raw,30,15057,15057,0,15057,15057,15057
new,3000,page_first,bytes_gzip,30,2523,2523,0,2523,2523,2523
new,3000,page_first,bytes_wire,30,15057,15057,0,15057,15057,15057
new,3000,page_first,items,30,20,20,0,20,20,20
new,3000,page_first,requests,30,1,1,0,1,1,1
new,3000,page_last,ttfb_ms,30,43.069,47.037,2.049,43.427,40.428,47.422
new,3000,page_last,total_ms,30,43.17,47.107,2.048,43.503,40.5,47.497
new,3000,page_last,bytes_raw,30,14837,14837,0,14837,14837,14837
new,3000,page_last,bytes_gzip,30,2406,2406,0,2406,2406,2406
new,3000,page_last,bytes_wire,30,14837,14837,0,14837,14837,14837
new,3000,page_last,items,30,20,20,0,20,20,20
new,3000,page_last,requests,30,1,1,0,1,1,1
new,3000,page_middle,ttfb_ms,30,44.567,47.62,1.858,44.729,41.887,48.093
new,3000,page_middle,total_ms,30,44.637,47.702,1.851,44.807,41.961,48.167
new,3000,page_middle,bytes_raw,30,15030,15030,0,15030,15030,15030
new,3000,page_middle,bytes_gzip,30,2502,2502,0,2502,2502,2502
new,3000,page_middle,bytes_wire,30,15030,15030,0,15030,15030,15030
new,3000,page_middle,items,30,20,20,0,20,20,20
new,3000,page_middle,requests,30,1,1,0,1,1,1
new,5000,all_pages,ttfb_ms,5,10363.357,10508.584,109.312,10381.397,10249.45,10520.927
new,5000,all_pages,total_ms,5,10440.612,10588.415,110.332,10459.301,10324.849,10601.754
new,5000,all_pages,bytes_raw,5,3451616,3451616,0,3451616,3451616,3451616
new,5000,all_pages,bytes_gzip,5,580479,580479,0,580479,580479,580479
new,5000,all_pages,bytes_wire,5,3451616,3451616,0,3451616,3451616,3451616
new,5000,all_pages,items,5,4601,4601,0,4601,4601,4601
new,5000,all_pages,requests,5,231,231,0,231,231,231
new,5000,filtered_first,ttfb_ms,30,52.361,54.569,1.881,52.093,46.972,55.921
new,5000,filtered_first,total_ms,30,52.435,54.643,1.885,52.167,47.038,56.009
new,5000,filtered_first,bytes_raw,30,15107,15107,0,15107,15107,15107
new,5000,filtered_first,bytes_gzip,30,2450,2450,0,2450,2450,2450
new,5000,filtered_first,bytes_wire,30,15107,15107,0,15107,15107,15107
new,5000,filtered_first,items,30,20,20,0,20,20,20
new,5000,filtered_first,requests,30,1,1,0,1,1,1
new,5000,filtered_last,ttfb_ms,30,47.796,49.753,1.563,47.53,42.681,50.48
new,5000,filtered_last,total_ms,30,47.876,49.825,1.564,47.61,42.745,50.584
new,5000,filtered_last,bytes_raw,30,15026,15026,0,15026,15026,15026
new,5000,filtered_last,bytes_gzip,30,2534,2534,0,2534,2534,2534
new,5000,filtered_last,bytes_wire,30,15026,15026,0,15026,15026,15026
new,5000,filtered_last,items,30,20,20,0,20,20,20
new,5000,filtered_last,requests,30,1,1,0,1,1,1
new,5000,page_first,ttfb_ms,30,45.44,46.409,1.711,44.843,41.26,48.797
new,5000,page_first,total_ms,30,45.504,46.496,1.717,44.914,41.327,48.873
new,5000,page_first,bytes_raw,30,14995,14995,0,14995,14995,14995
new,5000,page_first,bytes_gzip,30,2505,2505,0,2505,2505,2505
new,5000,page_first,bytes_wire,30,14995,14995,0,14995,14995,14995
new,5000,page_first,items,30,20,20,0,20,20,20
new,5000,page_first,requests,30,1,1,0,1,1,1
new,5000,page_last,ttfb_ms,30,46.873,48.978,1.947,46.886,43.193,52.959
new,5000,page_last,total_ms,30,46.941,49.053,1.951,46.958,43.257,53.068
new,5000,page_last,bytes_raw,30,14993,14993,0,14993,14993,14993
new,5000,page_last,bytes_gzip,30,2635,2635,0,2635,2635,2635
new,5000,page_last,bytes_wire,30,14993,14993,0,14993,14993,14993
new,5000,page_last,items,30,20,20,0,20,20,20
new,5000,page_last,requests,30,1,1,0,1,1,1
new,5000,page_middle,ttfb_ms,30,45.334,47.166,1.222,45.282,42.77,47.852
new,5000,page_middle,total_ms,30,45.407,47.239,1.224,45.353,42.837,47.939
new,5000,page_middle,bytes_raw,30,15112,15112,0,15112,15112,15112
new,5000,page_middle,bytes_gzip,30,2584,2584,0,2584,2584,2584
new,5000,page_middle,bytes_wire,30,15112,15112,0,15112,15112,15112
new,5000,page_middle,items,30,20,20,0,20,20,20
new,5000,page_middle,requests,30,1,1,0,1,1,1
new,10000,all_pages,ttfb_ms,5,20675.743,20984.871,197.761,20722.476,20543.331,21036.97
new,10000,all_pages,total_ms,5,20829.435,21137.266,196.538,20877.661,20696.732,21186.671
new,10000,all_pages,bytes_raw,5,6894544,6894544,0,6894544,6894544,6894544
new,10000,all_pages,bytes_gzip,5,1151281,1151281,0,1151281,1151281,1151281
new,10000,all_pages,bytes_wire,5,6894544,6894544,0,6894544,6894544,6894544
new,10000,all_pages,items,5,9189,9189,0,9189,9189,9189
new,10000,all_pages,requests,5,460,460,0,460,460,460
new,10000,filtered_first,ttfb_ms,30,55.701,59.183,1.72,55.876,52.917,60.086
new,10000,filtered_first,total_ms,30,55.763,59.249,1.72,55.941,52.977,60.144
new,10000,filtered_first,bytes_raw,30,15129,15129,0,15129,15129,15129
new,10000,filtered_first,bytes_gzip,30,2336,2336,0,2336,2336,2336
new,10000,filtered_first,bytes_wire,30,15129,15129,0,15129,15129,15129
new,10000,filtered_first,items,30,20,20,0,20,20,20
new,10000,filtered_first,requests,30,1,1,0,1,1,1
new,10000,filtered_last,ttfb_ms,30,45.918,48.584,2.164,46.203,43.488,54.913
new,10000,filtered_last,total_ms,30,45.972,48.67,2.164,46.265,43.563,54.977
new,10000,filtered_last,bytes_raw,30,14955,14955,0,14955,14955,14955
new,10000,filtered_last,bytes_gzip,30,2393,2393,0,2393,2393,2393
new,10000,filtered_last,bytes_wire,30,14955,14955,0,14955,14955,14955
new,10000,filtered_last,items,30,20,20,0,20,20,20
new,10000,filtered_last,requests,30,1,1,0,1,1,1
new,10000,page_first,ttfb_ms,30,43.459,45.684,1.73,43.339,40.295,47.116
new,10000,page_first,total_ms,30,43.512,45.74,1.724,43.4,40.4,47.176
new,10000,page_first,bytes_raw,30,15022,15022,0,15022,15022,15022
new,10000,page_first,bytes_gzip,30,2465,2465,0,2465,2465,2465
new,10000,page_first,bytes_wire,30,15022,15022,0,15022,15022,15022
new,10000,page_first,items,30,20,20,0,20,20,20
new,10000,page_first,requests,30,1,1,0,1,1,1
new,10000,page_last,ttfb_ms,30,44.261,46.894,1.544,44.33,41.448,46.937
new,10000,page_last,total_ms,30,44.327,46.988,1.55,44.394,41.502,47.029
new,10000,page_last,bytes_raw,30,15016,15016,0,15016,15016,15016
new,10000,page_last,bytes_gzip,30,2512,2512,0,2512,2512,2512
new,10000,page_last,bytes_wire,30,15016,15016,0,15016,15016,15016
new,10000,page_last,items,30,20,20,0,20,20,20
new,10000,page_last,requests,30,1,1,0,1,1,1
new,10000,page_middle,ttfb_ms,30,46.749,49.904,1.755,46.765,43.983,51.731
new,10000,page_middle,total_ms,30,46.805,49.973,1.758,46.825,44.035,51.793
new,10000,page_middle,bytes_raw,30,14975,14975,0,14975,14975,14975
new,10000,page_middle,bytes_gzip,30,2631,2631,0,2631,2631,2631
new,10000,page_middle,bytes_wire,30,14975,14975,0,14975,14975,14975
new,10000,page_middle,items,30,20,20,0,20,20,20
new,10000,page_middle,requests,30,1,1,0,1,1,1
old,100,list_full,ttfb_ms,30,219.342,224.04,6.834,217.455,200.474,224.088
old,100,list_full,total_ms,30,219.604,224.203,6.822,217.656,200.686,224.226
old,100,list_full,bytes_raw,30,77127,77127,0,77127,77127,77127
old,100,list_full,bytes_gzip,30,7726,7726,0,7726,7726,7726
old,100,list_full,bytes_wire,30,77127,77127,0,77127,77127,77127
old,100,list_full,items,30,94,94,0,94,94,94
old,100,list_full,requests,30,1,1,0,1,1,1
old,1000,list_full,ttfb_ms,30,1942.842,1993.611,37.479,1936.237,1841.493,1995.087
old,1000,list_full,total_ms,30,1943.723,1994.534,37.45,1937.447,1842.911,1996.73
old,1000,list_full,bytes_raw,30,753629,753629,0,753629,753629,753629
old,1000,list_full,bytes_gzip,30,62508,62508,0,62508,62508,62508
old,1000,list_full,bytes_wire,30,753629,753629,0,753629,753629,753629
old,1000,list_full,items,30,916,916,0,916,916,916
old,1000,list_full,requests,30,1,1,0,1,1,1
old,3000,list_full,ttfb_ms,30,5791.622,5900.837,59.232,5804.142,5715.863,5916.062
old,3000,list_full,total_ms,30,5794.746,5903.755,59.303,5807.338,5719.694,5918.605
old,3000,list_full,bytes_raw,30,2267259,2267259,0,2267259,2267259,2267259
old,3000,list_full,bytes_gzip,30,185387,185387,0,185387,185387,185387
old,3000,list_full,bytes_wire,30,2267259,2267259,0,2267259,2267259,2267259
old,3000,list_full,items,30,2754,2754,0,2754,2754,2754
old,3000,list_full,requests,30,1,1,0,1,1,1
old,5000,list_full,ttfb_ms,30,9712.864,9810.448,63.675,9710.184,9594.801,9816.928
old,5000,list_full,total_ms,30,9717.959,9816.587,63.951,9715.59,9599.544,9823.539
old,5000,list_full,bytes_raw,30,3789811,3789811,0,3789811,3789811,3789811
old,5000,list_full,bytes_gzip,30,308727,308727,0,308727,308727,308727
old,5000,list_full,bytes_wire,30,3789811,3789811,0,3789811,3789811,3789811
old,5000,list_full,items,30,4601,4601,0,4601,4601,4601
old,5000,list_full,requests,30,1,1,0,1,1,1
old,10000,list_full,ttfb_ms,30,18951.46,19219.304,172.593,18926.011,18585.29,19326.044
old,10000,list_full,total_ms,30,18963.132,19230.424,172.618,18937.018,18595.231,19336.507
old,10000,list_full,bytes_raw,30,7568841,7568841,0,7568841,7568841,7568841
old,10000,list_full,bytes_gzip,30,619819,619819,0,619819,619819,619819
old,10000,list_full,bytes_wire,30,7568841,7568841,0,7568841,7568841,7568841
old,10000,list_full,items,30,9189,9189,0,9189,9189,9189
old,10000,list_full,requests,30,1,1,0,1,1,1
