variant,n,case,run,timestamp,status,ttfb_ms,total_ms,bytes_raw,bytes_gzip,bytes_wire,content_encoding,items,requests
new,100,page_first,1,2026-10-03T10:00:42.877Z,200,43.737,43.871,15075,2598,15075,,20,1
new,100,page_middle,1,2026-10-03T10:00:42.926Z,200,46.96,47.059,14877,2549,14877,,20,1
new,100,page_last,1,2026-10-03T10:00:42.969Z,200,42.513,42.665,14880,2448,14880,,20,1
new,100,filtered_first,1,2026-10-03T10:00:43.012Z,200,42.538,42.637,14995,2431,14995,,20,1
new,100,filtered_last,1,2026-10-03T10:00:43.054Z,200,41.845,41.938,14995,2431,14995,,20,1
new,100,page_first,2,2026-10-03T10:00:43.100Z,200,44.567,44.666,15075,2598,15075,,20,1
new,100,page_middle,2,2026-10-03T10:00:43.150Z,200,49.858,50.012,14877,2549,14877,,20,1
new,100,page_last,2,2026-10-03T10:00:43.193Z,200,41.945,42.038,14880,2448,14880,,20,1
new,100,filtered_first,2,2026-10-03T10:00:43.234Z,200,41.383,41.473,14995,2431,14995,,20,1
new,100,filtered_last,2,2026-10-03T10:00:43.276Z,200,40.993,41.08,14995,2431,14995,,20,1
new,100,page_first,3,2026-10-03T10:00:43.319Z,200,42.753,42.846,15075,2598,15075,,20,1
new,100,page_middle,3,2026-10-03T10:00:43.364Z,200,44.66,44.755,14877,2549,14877,,20,1
new,100,page_last,3,2026-10-03T10:00:43.410Z,200,44.982,45.14,14880,2448,14880,,20,1
new,100,filtered_first,3,2026-10-03T10:00:43.457Z,200,47.246,47.351,14995,2431,14995,,20,1
new,100,filtered_last,3,2026-10-03T10:00:43.500Z,200,42.502,42.599,14995,2431,14995,,20,1
new,100,page_first,4,2026-10-03T10:00:43.545Z,200,44.218,44.315,15075,2598,15075,,20,1
new,100,page_middle,4,2026-10-03T10:00:43.591Z,200,45.787,45.887,14877,2549,14877,,20,1
new,100,page_last,4,2026-10-03T10:00:43.638Z,200,45.898,46.05,14880,2448,14880,,20,1
new,100,filtered_first,4,2026-10-03T10:00:43.684Z,200,45.275,45.375,14995,2431,14995,,20,1
new,100,filtered_last,4,2026-10-03T10:00:43.729Z,200,45.273,45.362,14995,2431,14995,,20,1
new,100,page_first,5,2026-10-03T10:00:43.776Z,200,46.26,46.415,15075,2598,15075,,20,1
new,100,page_middle,5,2026-10-03T10:00:43.824Z,200,47.136,47.302,14877,2549,14877,,20,1
new,100,page_last,5,2026-10-03T10:00:43.869Z,200,44.813,44.91,14880,2448,14880,,20,1
new,100,filtered_first,5,2026-10-03T10:00:43.915Z,200,45.614,45.706,14995,2431,14995,,20,1
new,100,filtered_last,5,2026-10-03T10:00:43.963Z,200,47.406,47.503,14995,2431,14995,,20,1
new,100,page_first,6,2026-10-03T10:00:44.010Z,200,46.6,46.697,15075,2598,15075,,20,1
new,100,page_middle,6,2026-10-03T10:00:44.056Z,200,45.104,45.197,14877,2549,14877,,20,1
new,100,page_last,6,2026-10-03T10:00:44.099Z,200,42.666,42.813,14880,2448,14880,,20,1
new,100,filtered_first,6,2026-10-03T10:00:44.142Z,200,42.122,42.209,14995,2431,14995,,20,1
new,100,filtered_last,6,2026-10-03T10:00:44.186Z,200,44.383,44.47,14995,2431,14995,,20,1
new,100,page_first,7,2026-10-03T10:00:44.233Z,200,45.613,45.698,15075,2598,15075,,20,1
new,100,page_middle,7,2026-10-03T10:00:44.278Z,200,45.356,45.444,14877,2549,14877,,20,1
new,100,page_last,7,2026-10-03T10:00:44.323Z,200,44.301,44.392,14880,2448,14880,,20,1
new,100,filtered_first,7,2026-10-03T10:00:44.368Z,200,44.193,44.391,14995,2431,14995,,20,1
new,100,filtered_last,7,2026-10-03T10:00:44.412Z,200,43.973,44.053,14995,2431,14995,,20,1
new,100,page_first,8,2026-10-03T10:00:44.461Z,200,48.265,48.351,15075,2598,15075,,20,1
new,100,page_middle,8,2026-10-03T10:00:44.509Z,200,46.71,46.797,14877,2549,14877,,20,1
new,100,page_last,8,2026-10-03T10:00:44.553Z,200,43.691,43.777,14880,2448,14880,,20,1
new,100,filtered_first,8,2026-10-03T10:00:44.598Z,200,44.786,44.913,14995,2431,14995,,20,1
new,100,filtered_last,8,2026-10-03T10:00:44.643Z,200,44.367,44.5,14995,2431,14995,,20,1
new,100,page_first,9,2026-10-03T10:00:44.691Z,200,47.169,47.299,15075,2598,15075,,20,1
new,100,page_middle,9,2026-10-03T10:00:44.739Z,200,47.701,47.781,14877,2549,14877,,20,1
new,100,page_last,9,2026-10-03T10:00:44.785Z,200,46.238,46.319,14880,2448,14880,,20,1
new,100,filtered_first,9,2026-10-03T10:00:44.832Z,200,45.909,45.986,14995,2431,14995,,20,1
new,100,filtered_last,9,2026-10-03T10:00:44.878Z,200,45.207,45.333,14995,2431,14995,,20,1
new,100,page_first,10,2026-10-03T10:00:44.926Z,200,48.266,48.346,15075,2598,15075,,20,1
new,100,page_middle,10,2026-10-03T10:00:44.974Z,200,47.385,47.465,14877,2549,14877,,20,1
new,100,page_last,10,2026-10-03T10:00:45.019Z,200,44.385,44.477,14880,2448,14880,,20,1
new,100,filtered_first,10,2026-10-03T10:00:45.065Z,200,45.311,45.448,14995,2431,14995,,20,1
new,100,filtered_last,10,2026-10-03T10:00:45.115Z,200,49.446,49.529,14995,2431,14995,,20,1
new,100,page_first,11,2026-10-03T10:00:45.162Z,200,46.658,46.73,15075,2598,15075,,20,1
new,100,page_middle,11,2026-10-03T10:00:45.210Z,200,47.621,47.757,14877,2549,14877,,20,1
new,100,page_last,11,2026-10-03T10:00:45.258Z,200,47.388,47.467,14880,2448,14880,,20,1
new,100,filtered_first,11,2026-10-03T10:00:45.304Z,200,45.665,45.745,14995,2431,14995,,20,1
new,100,filtered_last,11,2026-10-03T10:00:45.351Z,200,46.538,46.612,14995,2431,14995,,20,1
new,100,page_first,12,2026-10-03T10:00:45.401Z,200,49.451,49.528,15075,2598,15075,,20,1
new,100,page_middle,12,2026-10-03T10:00:45.452Z,200,50.378,50.461,14877,2549,14877,,20,1
new,100,page_last,12,2026-10-03T10:00:45.499Z,200,47.156,47.242,14880,2448,14880,,20,1
new,100,filtered_first,12,2026-10-03T10:00:45.551Z,200,51.214,51.294,14995,2431,14995,,20,1
new,100,filtered_last,12,2026-10-03T10:00:45.598Z,200,47.097,47.176,14995,2431,14995,,20,1
new,100,page_first,13,2026-10-03T10:00:45.645Z,200,46.442,46.52,15075,2598,15075,,20,1
new,100,page_middle,13,2026-10-03T10:00:45.695Z,200,49.265,49.397,14877,2549,14877,,20,1
new,100,page_last,13,2026-10-03T10:00:45.740Z,200,44.646,44.725,14880,2448,14880,,20,1
new,100,filtered_first,13,2026-10-03T10:00:45.787Z,200,46.27,46.392,14995,2431,14995,,20,1
new,100,filtered_last,13,2026-10-03T10:00:45.833Z,200,45.373,45.586,14995,2431,14995,,20,1
new,100,page_first,14,2026-10-03T10:00:45.882Z,200,48.371,48.721,15075,2598,15075,,20,1
new,100,page_middle,14,2026-10-03T10:00:45.932Z,200,48.949,49.023,14877,2549,14877,,20,1
new,100,page_last,14,2026-10-03T10:00:45.981Z,200,49.208,49.293,14880,2448,14880,,20,1
new,100,filtered_first,14,2026-10-03T10:00:46.028Z,200,46.069,46.197,14995,2431,14995,,20,1
new,100,filtered_last,14,2026-10-03T10:00:46.075Z,200,46.158,46.239,14995,2431,14995,,20,1
new,100,page_first,15,2026-10-03T10:00:46.123Z,200,47.5,47.609,15075,2598,15075,,20,1
new,100,page_middle,15,2026-10-03T10:00:46.169Z,200,46.041,46.116,14877,2549,14877,,20,1
new,100,page_last,15,2026-10-03T10:00:46.213Z,200,43.329,43.435,14880,2448,14880,,20,1
new,100,filtered_first,15,2026-10-03T10:00:46.259Z,200,45.404,45.496,14995,2431,14995,,20,1
new,100,filtered_last,15,2026-10-03T10:00:46.304Z,200,44.988,45.133,14995,2431,14995,,20,1
new,100,page_first,16,2026-10-03T10:00:46.353Z,200,47.899,47.973,15075,2598,15075,,20,1
new,100,page_middle,16,2026-10-03T10:00:46.401Z,200,47.569,47.693,14877,2549,14877,,20,1
new,100,page_last,16,2026-10-03T10:00:46.447Z,200,46.241,46.314,14880,2448,14880,,20,1
new,100,filtered_first,16,2026-10-03T10:00:46.493Z,200,45.579,45.662,14995,2431,14995,,20,1
new,100,filtered_last,16,2026-10-03T10:00:46.540Z,200,46.416,46.496,14995,2431,14995,,20,1
new,100,page_first,17,2026-10-03T10:00:46.588Z,200,47.088,47.159,15075,2598,15075,,20,1
new,100,page_middle,17,2026-10-03T10:00:46.636Z,200,47.37,47.539,14877,2549,14877,,20,1
new,100,page_last,17,2026-10-03T10:00:46.683Z,200,46.94,47.07,14880,2448,14880,,20,1
new,100,filtered_first,17,2026-10-03T10:00:46.730Z,200,46.594,46.662,14995,2431,14995,,20,1
new,100,filtered_last,17,2026-10-03T10:00:46.777Z,200,46.656,46.732,14995,2431,14995,,20,1
new,100,page_first,18,2026-10-03T10:00:46.826Z,200,47.604,47.715,15075,2598,15075,,20,1
new,100,page_middle,18,2026-10-03T10:00:46.876Z,200,50.249,50.324,14877,2549,14877,,20,1
new,100,page_last,18,2026-10-03T10:00:46.924Z,200,46.896,46.975,14880,2448,14880,,20,1
new,100,filtered_first,18,2026-10-03T10:00:46.972Z,200,47.714,47.8,14995,2431,14995,,20,1
new,100,filtered_last,18,2026-10-03T10:00:47.018Z,200,46.336,46.411,14995,2431,14995,,20,1
new,100,page_first,19,2026-10-03T10:00:47.067Z,200,48.282,48.351,15075,2598,15075,,20,1
new,100,page_middle,19,2026-10-03T10:00:47.117Z,200,49.524,49.605,14877,2549,14877,,20,1
new,100,page_last,19,2026-10-03T10:00:47.163Z,200,45.239,45.311,14880,2448,14880,,20,1
new,100,filtered_first,19,2026-10-03T10:00:47.210Z,200,46.15,46.218,14995,2431,14995,,20,1
new,100,filtered_last,19,2026-10-03T10:00:47.258Z,200,48.04,48.113,14995,2431,14995,,20,1
new,100,page_first,20,2026-10-03T10:00:47.307Z,200,48.289,48.36,15075,2598,15075,,20,1
new,100,page_middle,20,2026-10-03T10:00:47.356Z,200,48.046,48.116,14877,2549,14877,,20,1
new,100,page_last,20,2026-10-03T10:00:47.404Z,200,47.938,48.014,14880,2448,14880,,20,1
new,100,filtered_first,20,2026-10-03T10:00:47.450Z,200,45.662,45.731,14995,2431,14995,,20,1
new,100,filtered_last,20,2026-10-03T10:00:47.501Z,200,50.814,50.92,14995,2431,14995,,20,1
new,100,page_first,21,2026-10-03T10:00:47.554Z,200,51.807,51.939,15075,2598,15075,,20,1
new,100,page_middle,21,2026-10-03T10:00:47.602Z,200,48.323,48.392,14877,2549,14877,,20,1
new,100,page_last,21,2026-10-03T10:00:47.649Z,200,45.769,45.843,14880,2448,14880,,20,1
new,100,filtered_first,21,2026-10-03T10:00:47.696Z,200,47.409,47.485,14995,2431,14995,,20,1
new,100,filtered_last,21,2026-10-03T10:00:47.745Z,200,47.648,47.717,14995,2431,14995,,20,1
new,100,page_first,22,2026-10-03T10:00:47.795Z,200,49.613,49.736,15075,2598,15075,,20,1
new,100,page_middle,22,2026-10-03T10:00:47.844Z,200,48.389,48.464,14877,2549,14877,,20,1
new,100,page_last,22,2026-10-03T10:00:47.891Z,200,47.25,47.325,14880,2448,14880,,20,1
new,100,filtered_first,22,2026-10-03T10:00:47.938Z,200,46.042,46.166,14995,2431,14995,,20,1
new,100,filtered_last,22,2026-10-03T10:00:47.984Z,200,46.121,46.194,14995,2431,14995,,20,1
new,100,page_first,23,2026-10-03T10:00:48.034Z,200,49.507,49.584,15075,2598,15075,,20,1
new,100,page_middle,23,2026-10-03T10:00:48.085Z,200,50.026,50.1,14877,2549,14877,,20,1
new,100,page_last,23,2026-10-03T10:00:48.132Z,200,46.51,46.59,14880,2448,14880,,20,1
new,100,filtered_first,23,2026-10-03T10:00:48.179Z,200,46.646,46.723,14995,2431,14995,,20,1
new,100,filtered_last,23,2026-10-03T10:00:48.225Z,200,46.098,46.176,14995,2431,14995,,20,1
new,100,page_first,24,2026-10-03T10:00:48.276Z,200,49.671,49.743,15075,2598,15075,,20,1
new,100,page_middle,24,2026-10-03T10:00:48.323Z,200,47.179,47.253,14877,2549,14877,,20,1
new,100,page_last,24,2026-10-03T10:00:48.369Z,200,45.879,45.951,14880,2448,14880,,20,1
new,100,filtered_first,24,2026-10-03T10:00:48.416Z,200,46.554,46.624,14995,2431,14995,,20,1
new,100,filtered_last,24,2026-10-03T10:00:48.465Z,200,48.447,48.527,14995,2431,14995,,20,1
new,100,page_first,25,2026-10-03T10:00:48.515Z,200,49.343,49.424,15075,2598,15075,,20,1
new,100,page_middle,25,2026-10-03T10:00:48.563Z,200,47.762,47.835,14877,2549,14877,,20,1
new,100,page_last,25,2026-10-03T10:00:48.609Z,200,45.477,45.55,14880,2448,14880,,20,1
new,100,filtered_first,25,2026-10-03T10:00:48.658Z,200,47.932,48.005,14995,2431,14995,,20,1
new,100,filtered_last,25,2026-10-03T10:00:48.703Z,200,45.34,45.412,14995,2431,14995,,20,1
new,100,page_first,26,2026-10-03T10:00:48.753Z,200,49.267,49.348,15075,2598,15075,,20,1
new,100,page_middle,26,2026-10-03T10:00:48.803Z,200,49.166,49.251,14877,2549,14877,,20,1
new,100,page_last,26,2026-10-03T10:00:48.850Z,200,46.168,46.246,14880,2448,14880,,20,1
new,100,filtered_first,26,2026-10-03T10:00:48.897Z,200,46.567,46.645,14995,2431,14995,,20,1
new,100,filtered_last,26,2026-10-03T10:00:48.943Z,200,46.068,46.137,14995,2431,14995,,20,1
new,100,page_first,27,2026-10-03T10:00:48.991Z,200,47.295,47.372,15075,2598,15075,,20,1
new,100,page_middle,27,2026-10-03T10:00:49.044Z,200,52.404,52.485,14877,2549,14877,,20,1
new,100,page_last,27,2026-10-03T10:00:49.090Z,200,45.781,45.858,14880,2448,14880,,20,1
new,100,filtered_first,27,2026-10-03T10:00:49.137Z,200,46.259,46.33,14995,2431,14995,,20,1
new,100,filtered_last,27,2026-10-03T10:00:49.183Z,200,46.075,46.142,14995,2431,14995,,20,1
new,100,page_first,28,2026-10-03T10:00:49.233Z,200,49.362,49.433,15075,2598,15075,,20,1
new,100,page_middle,28,2026-10-03T10:00:49.281Z,200,47.233,47.3,14877,2549,14877,,20,1
new,100,page_last,28,2026-10-03T10:00:49.327Z,200,45.438,45.511,14880,2448,14880,,20,1
new,100,filtered_first,28,2026-10-03T10:00:49.375Z,200,47.884,47.972,14995,2431,14995,,20,1
new,100,filtered_last,28,2026-10-03T10:00:49.421Z,200,46.193,46.264,14995,2431,14995,,20,1
new,100,page_first,29,2026-10-03T10:00:49.470Z,200,48.455,48.54,15075,2598,15075,,20,1
new,100,page_middle,29,2026-10-03T10:00:49.520Z,200,48.778,48.856,14877,2549,14877,,20,1
new,100,page_last,29,2026-10-03T10:00:49.566Z,200,46.162,46.241,14880,2448,14880,,20,1
new,100,filtered_first,29,2026-10-03T10:00:49.612Z,200,45.689,45.759,14995,2431,14995,,20,1
new,100,filtered_last,29,2026-10-03T10:00:49.658Z,200,45.767,45.838,14995,2431,14995,,20,1
new,100,page_first,30,2026-10-03T10:00:49.707Z,200,47.722,47.903,15075,2598,15075,,20,1
new,100,page_middle,30,2026-10-03T10:00:49.756Z,200,48.319,48.386,14877,2549,14877,,20,1
new,100,page_last,30,2026-10-03T10:00:49.801Z,200,45.311,45.439,14880,2448,14880,,20,1
new,100,filtered_first,30,2026-10-03T10:00:49.849Z,200,46.73,46.842,14995,2431,14995,,20,1
new,100,filtered_last,30,2026-10-03T10:00:49.895Z,200,45.82,45.888,14995,2431,14995,,20,1
new,100,all_pages,1,2026-10-03T10:00:50.126Z,200,228.914,230.949,70150,12055,70150,,94,5
new,100,all_pages,2,2026-10-03T10:00:50.358Z,200,229.626,231.485,70150,12055,70150,,94,5
new,100,all_pages,3,2026-10-03T10:00:50.595Z,200,235.093,236.967,70150,12055,70150,,94,5
new,100,all_pages,4,2026-10-03T10:00:50.822Z,200,224.753,226.61,70150,12055,70150,,94,5
new,100,all_pages,5,2026-10-03T10:00:51.051Z,200,227.205,228.957,70150,12055,70150,,94,5
new,1000,page_first,1,2026-10-03T10:11:41.041Z,200,45.626,45.764,14981,2633,14981,,20,1
new,1000,page_middle,1,2026-10-03T10:11:41.085Z,200,43.218,43.317,15029,2521,15029,,20,1
new,1000,page_last,1,2026-10-03T10:11:41.127Z,200,41.876,41.952,14923,2465,14923,,20,1
new,1000,filtered_first,1,2026-10-03T10:11:41.173Z,200,45.083,45.159,15003,2521,15003,,20,1
new,1000,filtered_last,1,2026-10-03T10:11:41.217Z,200,43.83,43.908,14922,2470,14922,,20,1
new,1000,page_first,2,2026-10-03T10:11:41.263Z,200,45.062,45.137,14981,2633,14981,,20,1
new,1000,page_middle,2,2026-10-03T10:11:41.311Z,200,47,47.097,15029,2521,15029,,20,1
new,1000,page_last,2,2026-10-03T10:11:41.357Z,200,46.066,46.15,14923,2465,14923,,20,1
new,1000,filtered_first,2,2026-10-03T10:11:41.402Z,200,44.422,44.498,15003,2521,15003,,20,1
new,1000,filtered_last,2,2026-10-03T10:11:41.445Z,200,42.298,42.374,14922,2470,14922,,20,1
new,1000,page_first,3,2026-10-03T10:11:41.491Z,200,45.292,45.371,14981,2633,14981,,20,1
new,1000,page_middle,3,2026-10-03T10:11:41.535Z,200,44.019,44.095,15029,2521,15029,,20,1
new,1000,page_last,3,2026-10-03T10:11:41.579Z,200,43.575,43.694,14923,2465,14923,,20,1
new,1000,filtered_first,3,2026-10-03T10:11:41.627Z,200,46.866,47.027,15003,2521,15003,,20,1
new,1000,filtered_last,3,2026-10-03T10:11:41.672Z,200,44.428,44.498,14922,2470,14922,,20,1
new,1000,page_first,4,2026-10-03T10:11:41.718Z,200,45.564,45.634,14981,2633,14981,,20,1
new,1000,page_middle,4,2026-10-03T10:11:41.762Z,200,44.155,44.225,15029,2521,15029,,20,1
new,1000,page_last,4,2026-10-03T10:11:41.807Z,200,44.006,44.141,14923,2465,14923,,20,1
new,1000,filtered_first,4,2026-10-03T10:11:41.854Z,200,46.373,46.46,15003,2521,15003,,20,1
new,1000,filtered_last,4,2026-10-03T10:11:41.897Z,200,42.941,43.014,14922,2470,14922,,20,1
new,1000,page_first,5,2026-10-03T10:11:41.942Z,200,44.74,44.812,14981,2633,14981,,20,1
new,1000,page_middle,5,2026-10-03T10:11:41.987Z,200,44.189,44.276,15029,2521,15029,,20,1
new,1000,page_last,5,2026-10-03T10:11:42.032Z,200,45.042,45.121,14923,2465,14923,,20,1
new,1000,filtered_first,5,2026-10-03T10:11:42.080Z,200,47.609,47.734,15003,2521,15003,,20,1
new,1000,filtered_last,5,2026-10-03T10:11:42.127Z,200,46.649,46.728,14922,2470,14922,,20,1
new,1000,page_first,6,2026-10-03T10:11:42.177Z,200,49.344,49.475,14981,2633,14981,,20,1
new,1000,page_middle,6,2026-10-03T10:11:42.224Z,200,46.142,46.211,15029,2521,15029,,20,1
new,1000,page_last,6,2026-10-03T10:11:42.270Z,200,45.868,45.945,14923,2465,14923,,20,1
new,1000,filtered_first,6,2026-10-03T10:11:42.319Z,200,48.267,48.34,15003,2521,15003,,20,1
new,1000,filtered_last,6,2026-10-03T10:11:42.367Z,200,48.123,48.206,14922,2470,14922,,20,1
new,1000,page_first,7,2026-10-03T10:11:42.417Z,200,49.267,49.441,14981,2633,14981,,20,1
new,1000,page_middle,7,2026-10-03T10:11:42.465Z,200,47.084,47.202,15029,2521,15029,,20,1
new,1000,page_last,7,2026-10-03T10:11:42.512Z,200,46.39,46.471,14923,2465,14923,,20,1
new,1000,filtered_first,7,2026-10-03T10:11:42.560Z,200,48.326,48.396,15003,2521,15003,,20,1
new,1000,filtered_last,7,2026-10-03T10:11:42.606Z,200,45.325,45.398,14922,2470,14922,,20,1
new,1000,page_first,8,2026-10-03T10:11:42.655Z,200,47.853,47.923,14981,2633,14981,,20,1
new,1000,page_middle,8,2026-10-03T10:11:42.701Z,200,46.403,46.48,15029,2521,15029,,20,1
new,1000,page_last,8,2026-10-03T10:11:42.747Z,200,45.726,45.8,14923,2465,14923,,20,1
new,1000,filtered_first,8,2026-10-03T10:11:42.795Z,200,46.927,47.016,15003,2521,15003,,20,1
new,1000,filtered_last,8,2026-10-03T10:11:42.840Z,200,44.67,44.752,14922,2470,14922,,20,1
new,1000,page_first,9,2026-10-03T10:11:42.886Z,200,45.372,45.443,14981,2633,14981,,20,1
new,1000,page_middle,9,2026-10-03T10:11:42.932Z,200,45.224,45.301,15029,2521,15029,,20,1
new,1000,page_last,9,2026-10-03T10:11:42.976Z,200,43.666,43.74,14923,2465,14923,,20,1
new,1000,filtered_first,9,2026-10-03T10:11:43.023Z,200,47.318,47.391,15003,2521,15003,,20,1
new,1000,filtered_last,9,2026-10-03T10:11:43.067Z,200,43.545,43.626,14922,2470,14922,,20,1
new,1000,page_first,10,2026-10-03T10:11:43.114Z,200,45.609,45.684,14981,2633,14981,,20,1
new,1000,page_middle,10,2026-10-03T10:11:43.156Z,200,41.955,42.025,15029,2521,15029,,20,1
new,1000,page_last,10,2026-10-03T10:11:43.199Z,200,43.106,43.179,14923,2465,14923,,20,1
new,1000,filtered_first,10,2026-10-03T10:11:43.246Z,200,46.65,46.75,15003,2521,15003,,20,1
new,1000,filtered_last,10,2026-10-03T10:11:43.290Z,200,43.395,43.46,14922,2470,14922,,20,1
new,1000,page_first,11,2026-10-03T10:11:43.339Z,200,47.712,47.787,14981,2633,14981,,20,1
new,1000,page_middle,11,2026-10-03T10:11:43.384Z,200,44.977,45.068,15029,2521,15029,,20,1
new,1000,page_last,11,2026-10-03T10:11:43.431Z,200,46.396,46.468,14923,2465,14923,,20,1
new,1000,filtered_first,11,2026-10-03T10:11:43.479Z,200,48,48.073,15003,2521,15003,,20,1
new,1000,filtered_last,11,2026-10-03T10:11:43.526Z,200,46.283,46.413,14922,2470,14922,,20,1
new,1000,page_first,12,2026-10-03T10:11:43.574Z,200,47.418,47.513,14981,2633,14981,,20,1
new,1000,page_middle,12,2026-10-03T10:11:43.620Z,200,44.909,44.984,15029,2521,15029,,20,1
new,1000,page_last,12,2026-10-03T10:11:43.665Z,200,44.891,44.988,14923,2465,14923,,20,1
new,1000,filtered_first,12,2026-10-03T10:11:43.711Z,200,45.991,46.111,15003,2521,15003,,20,1
new,1000,filtered_last,12,2026-10-03T10:11:43.757Z,200,45.47,45.538,14922,2470,14922,,20,1
new,1000,page_first,13,2026-10-03T10:11:43.807Z,200,48.734,48.809,14981,2633,14981,,20,1
new,1000,page_middle,13,2026-10-03T10:11:43.852Z,200,44.498,44.573,15029,2521,15029,,20,1
new,1000,page_last,13,2026-10-03T10:11:43.897Z,200,44.717,44.794,14923,2465,14923,,20,1
new,1000,filtered_first,13,2026-10-03T10:11:43.944Z,200,47.106,47.178,15003,2521,15003,,20,1
new,1000,filtered_last,13,2026-10-03T10:11:43.988Z,200,42.975,43.049,14922,2470,14922,,20,1
new,1000,page_first,14,2026-10-03T10:11:44.036Z,200,47.302,47.375,14981,2633,14981,,20,1
new,1000,page_middle,14,2026-10-03T10:11:44.080Z,200,44.274,44.341,15029,2521,15029,,20,1
new,1000,page_last,14,2026-10-03T10:11:44.125Z,200,44.498,44.576,14923,2465,14923,,20,1
new,1000,filtered_first,14,2026-10-03T10:11:44.172Z,200,46.732,46.804,15003,2521,15003,,20,1
new,1000,filtered_last,14,2026-10-03T10:11:44.219Z,200,46.018,46.091,14922,2470,14922,,20,1
new,1000,page_first,15,2026-10-03T10:11:44.268Z,200,48.795,48.866,14981,2633,14981,,20,1
new,1000,page_middle,15,2026-10-03T10:11:44.315Z,200,46.65,46.719,15029,2521,15029,,20,1
new,1000,page_last,15,2026-10-03T10:11:44.362Z,200,47.08,47.157,14923,2465,14923,,20,1
new,1000,filtered_first,15,2026-10-03T10:11:44.413Z,200,50.553,50.628,15003,2521,15003,,20,1
new,1000,filtered_last,15,2026-10-03T10:11:44.463Z,200,49.158,49.233,14922,2470,14922,,20,1
new,1000,page_first,16,2026-10-03T10:11:44.513Z,200,49.348,49.43,14981,2633,14981,,20,1
new,1000,page_middle,16,2026-10-03T10:11:44.560Z,200,46.608,46.683,15029,2521,15029,,20,1
new,1000,page_last,16,2026-10-03T10:11:44.606Z,200,46.01,46.085,14923,2465,14923,,20,1
new,1000,filtered_first,16,2026-10-03T10:11:44.656Z,200,49.64,49.715,15003,2521,15003,,20,1
new,1000,filtered_last,16,2026-10-03T10:11:44.704Z,200,47.634,47.725,14922,2470,14922,,20,1
new,1000,page_first,17,2026-10-03T10:11:44.753Z,200,48.517,48.593,14981,2633,14981,,20,1
new,1000,page_middle,17,2026-10-03T10:11:44.801Z,200,47.151,47.236,15029,2521,15029,,20,1
new,1000,page_last,17,2026-10-03T10:11:44.849Z,200,47.871,47.956,14923,2465,14923,,20,1
new,1000,filtered_first,17,2026-10-03T10:11:44.898Z,200,47.801,47.87,15003,2521,15003,,20,1
new,1000,filtered_last,17,2026-10-03T10:11:44.943Z,200,44.665,44.734,14922,2470,14922,,20,1
new,1000,page_first,18,2026-10-03T10:11:44.991Z,200,48.049,48.136,14981,2633,14981,,20,1
new,1000,page_middle,18,2026-10-03T10:11:45.038Z,200,46.666,46.752,15029,2521,15029,,20,1
new,1000,page_last,18,2026-10-03T10:11:45.084Z,200,44.959,45.03,14923,2465,14923,,20,1
new,1000,filtered_first,18,2026-10-03T10:11:45.132Z,200,48.065,48.178,15003,2521,15003,,20,1
new,1000,filtered_last,18,2026-10-03T10:11:45.178Z,200,45.006,45.082,14922,2470,14922,,20,1
new,1000,page_first,19,2026-10-03T10:11:45.225Z,200,46.47,46.594,14981,2633,14981,,20,1
new,1000,page_middle,19,2026-10-03T10:11:45.269Z,200,44.26,44.327,15029,2521,15029,,20,1
new,1000,page_last,19,2026-10-03T10:11:45.314Z,200,44.744,44.811,14923,2465,14923,,20,1
new,1000,filtered_first,19,2026-10-03T10:11:45.363Z,200,48.719,48.792,15003,2521,15003,,20,1
new,1000,filtered_last,19,2026-10-03T10:11:45.409Z,200,45.124,45.25,14922,2470,14922,,20,1
new,1000,page_first,20,2026-10-03T10:11:45.458Z,200,48.494,48.565,14981,2633,14981,,20,1
new,1000,page_middle,20,2026-10-03T10:11:45.504Z,200,45.047,45.166,15029,2521,15029,,20,1
new,1000,page_last,20,2026-10-03T10:11:45.550Z,200,45.601,45.769,14923,2465,14923,,20,1
new,1000,filtered_first,20,2026-10-03T10:11:45.603Z,200,52.454,52.556,15003,2521,15003,,20,1
new,1000,filtered_last,20,2026-10-03T10:11:45.652Z,200,48.629,48.709,14922,2470,14922,,20,1
new,1000,page_first,21,2026-10-03T10:11:45.697Z,200,44.612,44.681,14981,2633,14981,,20,1
new,1000,page_middle,21,2026-10-03T10:11:45.741Z,200,43.939,44.009,15029,2521,15029,,20,1
new,1000,page_last,21,2026-10-03T10:11:45.788Z,200,45.878,45.951,14923,2465,14923,,20,1
new,1000,filtered_first,21,2026-10-03T10:11:45.835Z,200,46.562,46.666,15003,2521,15003,,20,1
new,1000,filtered_last,21,2026-10-03T10:11:45.879Z,200,43.77,43.844,14922,2470,14922,,20,1
new,1000,page_first,22,2026-10-03T10:11:45.925Z,200,45.716,45.793,14981,2633,14981,,20,1
new,1000,page_middle,22,2026-10-03T10:11:45.970Z,200,44.724,44.79,15029,2521,15029,,20,1
new,1000,page_last,22,2026-10-03T10:11:46.014Z,200,43.471,43.589,14923,2465,14923,,20,1
new,1000,filtered_first,22,2026-10-03T10:11:46.061Z,200,46.319,46.381,15003,2521,15003,,20,1
new,1000,filtered_last,22,2026-10-03T10:11:46.107Z,200,45.796,45.862,14922,2470,14922,,20,1
new,1000,page_first,23,2026-10-03T10:11:46.154Z,200,47.008,47.074,14981,2633,14981,,20,1
new,1000,page_middle,23,2026-10-03T10:11:46.200Z,200,45.526,45.595,15029,2521,15029,,20,1
new,1000,page_last,23,2026-10-03T10:11:46.248Z,200,46.77,46.838,14923,2465,14923,,20,1
new,1000,filtered_first,23,2026-10-03T10:11:46.297Z,200,49.06,49.13,15003,2521,15003,,20,1
new,1000,filtered_last,23,2026-10-03T10:11:46.344Z,200,46.561,46.624,14922,2470,14922,,20,1
new,1000,page_first,24,2026-10-03T10:11:46.394Z,200,49.486,49.556,14981,2633,14981,,20,1
new,1000,page_middle,24,2026-10-03T10:11:46.444Z,200,49.852,49.921,15029,2521,15029,,20,1
new,1000,page_last,24,2026-10-03T10:11:46.492Z,200,47.341,47.409,14923,2465,14923,,20,1
new,1000,filtered_first,24,2026-10-03T10:11:46.542Z,200,50.01,50.119,15003,2521,15003,,20,1
new,1000,filtered_last,24,2026-10-03T10:11:46.591Z,200,48.213,48.288,14922,2470,14922,,20,1
new,1000,page_first,25,2026-10-03T10:11:46.642Z,200,50.632,50.71,14981,2633,14981,,20,1
new,1000,page_middle,25,2026-10-03T10:11:46.689Z,200,46.169,46.236,15029,2521,15029,,20,1
new,1000,page_last,25,2026-10-03T10:11:46.736Z,200,46.903,46.974,14923,2465,14923,,20,1
new,1000,filtered_first,25,2026-10-03T10:11:46.786Z,200,49.246,49.316,15003,2521,15003,,20,1
new,1000,filtered_last,25,2026-10-03T10:11:46.833Z,200,47.001,47.114,14922,2470,14922,,20,1
new,1000,page_first,26,2026-10-03T10:11:46.883Z,200,49.328,49.398,14981,2633,14981,,20,1
new,1000,page_middle,26,2026-10-03T10:11:46.932Z,200,48.485,48.554,15029,2521,15029,,20,1
new,1000,page_last,26,2026-10-03T10:11:46.980Z,200,47.918,47.988,14923,2465,14923,,20,1
new,1000,filtered_first,26,2026-10-03T10:11:47.031Z,200,50.202,50.266,15003,2521,15003,,20,1
new,1000,filtered_last,26,2026-10-03T10:11:47.078Z,200,46.447,46.511,14922,2470,14922,,20,1
new,1000,page_first,27,2026-10-03T10:11:47.128Z,200,49.978,50.048,14981,2633,14981,,20,1
new,1000,page_middle,27,2026-10-03T10:11:47.177Z,200,47.799,47.892,15029,2521,15029,,20,1
new,1000,page_last,27,2026-10-03T10:11:47.226Z,200,48.376,48.46,14923,2465,14923,,20,1
new,1000,filtered_first,27,2026-10-03T10:11:47.275Z,200,49.233,49.31,15003,2521,15003,,20,1
new,1000,filtered_last,27,2026-10-03T10:11:47.322Z,200,46.274,46.338,14922,2470,14922,,20,1
new,1000,page_first,28,2026-10-03T10:11:47.372Z,200,49.821,49.893,14981,2633,14981,,20,1
new,1000,page_middle,28,2026-10-03T10:11:47.419Z,200,46.406,46.488,15029,2521,15029,,20,1
new,1000,page_last,28,2026-10-03T10:11:47.467Z,200,47.85,47.92,14923,2465,14923,,20,1
new,1000,filtered_first,28,2026-10-03T10:11:47.516Z,200,48.728,48.806,15003,2521,15003,,20,1
new,1000,filtered_last,28,2026-10-03T10:11:47.563Z,200,46.247,46.312,14922,2470,14922,,20,1
new,1000,page_first,29,2026-10-03T10:11:47.613Z,200,49.272,49.343,14981,2633,14981,,20,1
new,1000,page_middle,29,2026-10-03T10:11:47.661Z,200,48.116,48.195,15029,2521,15029,,20,1
new,1000,page_last,29,2026-10-03T10:11:47.709Z,200,47.742,47.812,14923,2465,14923,,20,1
new,1000,filtered_first,29,2026-10-03T10:11:47.759Z,200,49.234,49.307,15003,2521,15003,,20,1
new,1000,filtered_last,29,2026-10-03T10:11:47.806Z,200,46.411,46.48,14922,2470,14922,,20,1
new,1000,page_first,30,2026-10-03T10:11:47.857Z,200,50.584,50.665,14981,2633,14981,,20,1
new,1000,page_middle,30,2026-10-03T10:11:47.907Z,200,49.597,49.675,15029,2521,15029,,20,1
new,1000,page_last,30,2026-10-03T10:11:47.954Z,200,46.627,46.699,14923,2465,14923,,20,1
new,1000,filtered_first,30,2026-10-03T10:11:48.004Z,200,49.301,49.408,15003,2521,15003,,20,1
new,1000,filtered_last,30,2026-10-03T10:11:48.052Z,200,48.014,48.096,14922,2470,14922,,20,1
new,1000,all_pages,1,2026-10-03T10:11:50.232Z,200,2162.644,2179.499,685704,115167,685704,,916,46
new,1000,all_pages,2,2026-10-03T10:11:52.386Z,200,2135.794,2153.518,685704,115167,685704,,916,46
new,1000,all_pages,3,2026-10-03T10:11:54.544Z,200,2140.051,2157.814,685704,115167,685704,,916,46
new,1000,all_pages,4,2026-10-03T10:11:56.709Z,200,2147.148,2165.046,685704,115167,685704,,916,46
new,1000,all_pages,5,2026-10-03T10:11:58.854Z,200,2126.738,2143.957,685704,115167,685704,,916,46
new,3000,page_first,1,2026-10-03T10:32:45.651Z,200,46.279,46.371,15057,2523,15057,,20,1
new,3000,page_middle,1,2026-10-03T10:32:45.697Z,200,45.04,45.121,15030,2502,15030,,20,1
new,3000,page_last,1,2026-10-03T10:32:45.741Z,200,43.021,43.129,14837,2406,14837,,20,1
new,3000,filtered_first,1,2026-10-03T10:32:45.790Z,200,49.341,49.456,15087,2509,15087,,20,1
new,3000,filtered_last,1,2026-10-03T10:32:45.834Z,200,42.853,42.929,15051,2422,15051,,20,1
new,3000,page_first,2,2026-10-03T10:32:45.879Z,200,43.879,43.989,15057,2523,15057,,20,1
new,3000,page_middle,2,2026-10-03T10:32:45.922Z,200,43.086,43.173,15030,2502,15030,,20,1
new,3000,page_last,2,2026-10-03T10:32:45.966Z,200,42.96,43.041,14837,2406,14837,,20,1
new,3000,filtered_first,2,2026-10-03T10:32:46.013Z,200,47.04,47.12,15087,2509,15087,,20,1
new,3000,filtered_last,2,2026-10-03T10:32:46.056Z,200,42.595,42.673,15051,2422,15051,,20,1
new,3000,page_first,3,2026-10-03T10:32:46.101Z,200,43.863,43.982,15057,2523,15057,,20,1
new,3000,page_middle,3,2026-10-03T10:32:46.146Z,200,44.494,44.565,15030,2502,15030,,20,1
new,3000,page_last,3,2026-10-03T10:32:46.187Z,200,40.793,40.863,14837,2406,14837,,20,1
new,3000,filtered_first,3,2026-10-03T10:32:46.236Z,200,48.234,48.345,15087,2509,15087,,20,1
new,3000,filtered_last,3,2026-10-03T10:32:46.280Z,200,43.618,43.685,15051,2422,15051,,20,1
new,3000,page_first,4,2026-10-03T10:32:46.323Z,200,42.703,42.774,15057,2523,15057,,20,1
new,3000,page_middle,4,2026-10-03T10:32:46.366Z,200,42.613,42.718,15030,2502,15030,,20,1
new,3000,page_last,4,2026-10-03T10:32:46.409Z,200,41.828,41.905,14837,2406,14837,,20,1
new,3000,filtered_first,4,2026-10-03T10:32:46.456Z,200,47.512,47.59,15087,2509,15087,,20,1
new,3000,filtered_last,4,2026-10-03T10:32:46.499Z,200,42.201,42.278,15051,2422,15051,,20,1
new,3000,page_first,5,2026-10-03T10:32:46.544Z,200,44.556,44.629,15057,2523,15057,,20,1
new,3000,page_middle,5,2026-10-03T10:32:46.586Z,200,41.887,41.961,15030,2502,15030,,20,1
new,3000,page_last,5,2026-10-03T10:32:46.627Z,200,40.428,40.5,14837,2406,14837,,20,1
new,3000,filtered_first,5,2026-10-03T10:32:46.676Z,200,48.315,48.392,15087,2509,15087,,20,1
new,3000,filtered_last,5,2026-10-03T10:32:46.719Z,200,42.619,42.713,15051,2422,15051,,20,1
new,3000,page_first,6,2026-10-03T10:32:46.762Z,200,42.083,42.158,15057,2523,15057,,20,1
new,3000,page_middle,6,2026-10-03T10:32:46.805Z,200,42.396,42.475,15030,2502,15030,,20,1
new,3000,page_last,6,2026-10-03T10:32:46.846Z,200,41.459,41.535,14837,2406,14837,,20,1
new,3000,filtered_first,6,2026-10-03T10:32:46.895Z,200,47.772,47.842,15087,2509,15087,,20,1
new,3000,filtered_last,6,2026-10-03T10:32:46.945Z,200,49.695,49.772,15051,2422,15051,,20,1
new,3000,page_first,7,2026-10-03T10:32:46.988Z,200,43.078,43.152,15057,2523,15057,,20,1
new,3000,page_middle,7,2026-10-03T10:32:47.032Z,200,42.975,43.16,15030,2502,15030,,20,1
new,3000,page_last,7,2026-10-03T10:32:47.074Z,200,41.375,41.452,14837,2406,14837,,20,1
new,3000,filtered_first,7,2026-10-03T10:32:47.121Z,200,47.028,47.099,15087,2509,15087,,20,1
new,3000,filtered_last,7,2026-10-03T10:32:47.163Z,200,41.538,41.613,15051,2422,15051,,20,1
new,3000,page_first,8,2026-10-03T10:32:47.206Z,200,41.967,42.033,15057,2523,15057,,20,1
new,3000,page_middle,8,2026-10-03T10:32:47.249Z,200,43.024,43.125,15030,2502,15030,,20,1
new,3000,page_last,8,2026-10-03T10:32:47.291Z,200,41.228,41.305,14837,2406,14837,,20,1
new,3000,filtered_first,8,2026-10-03T10:32:47.338Z,200,46.824,46.898,15087,2509,15087,,20,1
new,3000,filtered_last,8,2026-10-03T10:32:47.380Z,200,42.019,42.157,15051,2422,15051,,20,1
new,3000,page_first,9,2026-10-03T10:32:47.423Z,200,41.261,41.438,15057,2523,15057,,20,1
new,3000,page_middle,9,2026-10-03T10:32:47.466Z,200,42.658,42.719,15030,2502,15030,,20,1
new,3000,page_last,9,2026-10-03T10:32:47.507Z,200,40.744,40.806,14837,2406,14837,,20,1
new,3000,filtered_first,9,2026-10-03T10:32:47.554Z,200,46.658,46.728,15087,2509,15087,,20,1
new,3000,filtered_last,9,2026-10-03T10:32:47.598Z,200,43.668,43.767,15051,2422,15051,,20,1
new,3000,page_first,10,2026-10-03T10:32:47.646Z,200,47.3,47.378,15057,2523,15057,,20,1
new,3000,page_middle,10,2026-10-03T10:32:47.689Z,200,42.424,42.496,15030,2502,15030,,20,1
new,3000,page_last,10,2026-10-03T10:32:47.730Z,200,40.671,40.741,14837,2406,14837,,20,1
new,3000,filtered_first,10,2026-10-03T10:32:47.778Z,200,47.285,47.352,15087,2509,15087,,20,1
new,3000,filtered_last,10,2026-10-03T10:32:47.820Z,200,41.685,41.771,15051,2422,15051,,20,1
new,3000,page_first,11,2026-10-03T10:32:47.861Z,200,40.774,40.832,15057,2523,15057,,20,1
new,3000,page_middle,11,2026-10-03T10:32:47.904Z,200,42.404,42.49,15030,2502,15030,,20,1
new,3000,page_last,11,2026-10-03T10:32:47.946Z,200,42.013,42.076,14837,2406,14837,,20,1
new,3000,filtered_first,11,2026-10-03T10:32:47.995Z,200,48.461,48.527,15087,2509,15087,,20,1
new,3000,filtered_last,11,2026-10-03T10:32:48.039Z,200,43.994,44.062,15051,2422,15051,,20,1
new,3000,page_first,12,2026-10-03T10:32:48.087Z,200,47.218,47.288,15057,2523,15057,,20,1
new,3000,page_middle,12,2026-10-03T10:32:48.134Z,200,46.153,46.218,15030,2502,15030,,20,1
new,3000,page_last,12,2026-10-03T10:32:48.178Z,200,43.64,43.707,14837,2406,14837,,20,1
new,3000,filtered_first,12,2026-10-03T10:32:48.229Z,200,51.012,51.084,15087,2509,15087,,20,1
new,3000,filtered_last,12,2026-10-03T10:32:48.274Z,200,44.708,44.799,15051,2422,15051,,20,1
new,3000,page_first,13,2026-10-03T10:32:48.320Z,200,44.597,44.665,15057,2523,15057,,20,1
new,3000,page_middle,13,2026-10-03T10:32:48.364Z,200,44.443,44.511,15030,2502,15030,,20,1
new,3000,page_last,13,2026-10-03T10:32:48.411Z,200,46.039,46.108,14837,2406,14837,,20,1
new,3000,filtered_first,13,2026-10-03T10:32:48.461Z,200,50.163,50.253,15087,2509,15087,,20,1
new,3000,filtered_last,13,2026-10-03T10:32:48.508Z,200,46.274,46.349,15051,2422,15051,,20,1
new,3000,page_first,14,2026-10-03T10:32:48.554Z,200,45.398,45.472,15057,2523,15057,,20,1
new,3000,page_middle,14,2026-10-03T10:32:48.601Z,200,46.131,46.199,15030,2502,15030,,20,1
new,3000,page_last,14,2026-10-03T10:32:48.645Z,200,44.296,44.365,14837,2406,14837,,20,1
new,3000,filtered_first,14,2026-10-03T10:32:48.697Z,200,50.964,51.033,15087,2509,15087,,20,1
new,3000,filtered_last,14,2026-10-03T10:32:48.744Z,200,46.625,46.693,15051,2422,15051,,20,1
new,3000,page_first,15,2026-10-03T10:32:48.791Z,200,46.608,46.674,15057,2523,15057,,20,1
new,3000,page_middle,15,2026-10-03T10:32:48.838Z,200,46.283,46.349,15030,2502,15030,,20,1
new,3000,page_last,15,2026-10-03T10:32:48.882Z,200,44.033,44.101,14837,2406,14837,,20,1
new,3000,filtered_first,15,2026-10-03T10:32:48.938Z,200,56.024,56.1,15087,2509,15087,,20,1
new,3000,filtered_last,15,2026-10-03T10:32:48.984Z,200,45.075,45.173,15051,2422,15051,,20,1
new,3000,page_first,16,2026-10-03T10:32:49.030Z,200,45.46,45.563,15057,2523,15057,,20,1
new,3000,page_middle,16,2026-10-03T10:32:49.075Z,200,44.375,44.447,15030,2502,15030,,20,1
new,3000,page_last,16,2026-10-03T10:32:49.118Z,200,43.137,43.211,14837,2406,14837,,20,1
new,3000,filtered_first,16,2026-10-03T10:32:49.167Z,200,47.952,48.02,15087,2509,15087,,20,1
new,3000,filtered_last,16,2026-10-03T10:32:49.212Z,200,44.889,44.969,15051,2422,15051,,20,1
new,3000,page_first,17,2026-10-03T10:32:49.256Z,200,43.841,43.918,15057,2523,15057,,20,1
new,3000,page_middle,17,2026-10-03T10:32:49.301Z,200,44.372,44.441,15030,2502,15030,,20,1
new,3000,page_last,17,2026-10-03T10:32:49.344Z,200,42.691,42.761,14837,2406,14837,,20,1
new,3000,filtered_first,17,2026-10-03T10:32:49.392Z,200,47.807,47.877,15087,2509,15087,,20,1
new,3000,filtered_last,17,2026-10-03T10:32:49.436Z,200,43.698,43.765,15051,2422,15051,,20,1
new,3000,page_first,18,2026-10-03T10:32:49.482Z,200,44.63,44.693,15057,2523,15057,,20,1
new,3000,page_middle,18,2026-10-03T10:32:49.526Z,200,44.086,44.158,15030,2502,15030,,20,1
new,3000,page_last,18,2026-10-03T10:32:49.569Z,200,42.867,42.943,14837,2406,14837,,20,1
new,3000,filtered_first,18,2026-10-03T10:32:49.618Z,200,48.417,48.484,15087,2509,15087,,20,1
new,3000,filtered_last,18,2026-10-03T10:32:49.665Z,200,46.519,46.599,15051,2422,15051,,20,1
new,3000,page_first,19,2026-10-03T10:32:49.712Z,200,45.748,45.901,15057,2523,15057,,20,1
new,3000,page_middle,19,2026-10-03T10:32:49.758Z,200,46.132,46.2,15030,2502,15030,,20,1
new,3000,page_last,19,2026-10-03T10:32:49.803Z,200,44.293,44.36,14837,2406,14837,,20,1
new,3000,filtered_first,19,2026-10-03T10:32:49.854Z,200,50.429,50.527,15087,2509,15087,,20,1
new,3000,filtered_last,19,2026-10-03T10:32:49.901Z,200,46.546,46.611,15051,2422,15051,,20,1
new,3000,page_first,20,2026-10-03T10:32:49.947Z,200,45.771,45.837,15057,2523,15057,,20,1
new,3000,page_middle,20,2026-10-03T10:32:49.994Z,200,46.611,46.676,15030,2502,15030,,20,1
new,3000,page_last,20,2026-10-03T10:32:50.042Z,200,47.319,47.389,14837,2406,14837,,20,1
new,3000,filtered_first,20,2026-10-03T10:32:50.093Z,200,51.016,51.094,15087,2509,15087,,20,1
new,3000,filtered_last,20,2026-10-03T10:32:50.142Z,200,48.217,48.292,15051,2422,15051,,20,1
new,3000,page_first,21,2026-10-03T10:32:50.188Z,200,45.581,45.648,15057,2523,15057,,20,1
new,3000,page_middle,21,2026-10-03T10:32:50.236Z,200,47.992,48.065,15030,2502,15030,,20,1
new,3000,page_last,21,2026-10-03T10:32:50.281Z,200,43.962,44.037,14837,2406,14837,,20,1
new,3000,filtered_first,21,2026-10-03T10:32:50.330Z,200,49.229,49.3,15087,2509,15087,,20,1
new,3000,filtered_last,21,2026-10-03T10:32:50.377Z,200,46.253,46.322,15051,2422,15051,,20,1
new,3000,page_first,22,2026-10-03T10:32:50.424Z,200,46.689,46.757,15057,2523,15057,,20,1
new,3000,page_middle,22,2026-10-03T10:32:50.470Z,200,45.573,45.639,15030,2502,15030,,20,1
new,3000,page_last,22,2026-10-03T10:32:50.516Z,200,45.389,45.463,14837,2406,14837,,20,1
new,3000,filtered_first,22,2026-10-03T10:32:50.568Z,200,51.23,51.302,15087,2509,15087,,20,1
new,3000,filtered_last,22,2026-10-03T10:32:50.613Z,200,45.015,45.263,15051,2422,15051,,20,1
new,3000,page_first,23,2026-10-03T10:32:50.660Z,200,46.019,46.085,15057,2523,15057,,20,1
new,3000,page_middle,23,2026-10-03T10:32:50.706Z,200,45.833,45.901,15030,2502,15030,,20,1
new,3000,page_last,23,2026-10-03T10:32:50.753Z,200,45.98,46.048,14837,2406,14837,,20,1
new,3000,filtered_first,23,2026-10-03T10:32:50.804Z,200,51.245,51.314,15087,2509,15087,,20,1
new,3000,filtered_last,23,2026-10-03T10:32:50.851Z,200,46.18,46.25,15051,2422,15051,,20,1
new,3000,page_first,24,2026-10-03T10:32:50.898Z,200,47.222,47.289,15057,2523,15057,,20,1
new,3000,page_middle,24,2026-10-03T10:32:50.947Z,200,48.093,48.167,15030,2502,15030,,20,1
new,3000,page_last,24,2026-10-03T10:32:50.994Z,200,46.693,46.762,14837,2406,14837,,20,1
new,3000,filtered_first,24,2026-10-03T10:32:51.046Z,200,51.256,51.329,15087,2509,15087,,20,1
new,3000,filtered_last,24,2026-10-03T10:32:51.095Z,200,48.643,48.718,15051,2422,15051,,20,1
new,3000,page_first,25,2026-10-03T10:32:51.142Z,200,46.242,46.321,15057,2523,15057,,20,1
new,3000,page_middle,25,2026-10-03T10:32:51.187Z,200,44.675,44.746,15030,2502,15030,,20,1
new,3000,page_last,25,2026-10-03T10:32:51.230Z,200,42.77,42.881,14837,2406,14837,,20,1
new,3000,filtered_first,25,2026-10-03T10:32:51.280Z,200,49.401,49.473,15087,2509,15087,,20,1
new,3000,filtered_last,25,2026-10-03T10:32:51.324Z,200,44.361,44.428,15051,2422,15051,,20,1
new,3000,page_first,26,2026-10-03T10:32:51.369Z,200,44.283,44.347,15057,2523,15057,,20,1
new,3000,page_middle,26,2026-10-03T10:32:51.414Z,200,44.639,44.708,15030,2502,15030,,20,1
new,3000,page_last,26,2026-10-03T10:32:51.459Z,200,43.866,43.941,14837,2406,14837,,20,1
new,3000,filtered_first,26,2026-10-03T10:32:51.509Z,200,50.182,50.249,15087,2509,15087,,20,1
new,3000,filtered_last,26,2026-10-03T10:32:51.556Z,200,46.552,46.63,15051,2422,15051,,20,1
new,3000,page_first,27,2026-10-03T10:32:51.603Z,200,46.692,46.768,15057,2523,15057,,20,1
new,3000,page_middle,27,2026-10-03T10:32:51.651Z,200,47.041,47.112,15030,2502,15030,,20,1
new,3000,page_last,27,2026-10-03T10:32:51.699Z,200,47.422,47.497,14837,2406,14837,,20,1
new,3000,filtered_first,27,2026-10-03T10:32:51.751Z,200,52.25,52.324,15087,2509,15087,,20,1
new,3000,filtered_last,27,2026-10-03T10:32:51.799Z,200,47.549,47.623,15051,2422,15051,,20,1
new,3000,page_first,28,2026-10-03T10:32:51.847Z,200,46.911,46.973,15057,2523,15057,,20,1
new,3000,page_middle,28,2026-10-03T10:32:51.894Z,200,47.165,47.259,15030,2502,15030,,20,1
new,3000,page_last,28,2026-10-03T10:32:51.941Z,200,46.455,46.535,14837,2406,14837,,20,1
new,3000,filtered_first,28,2026-10-03T10:32:51.994Z,200,51.972,52.051,15087,2509,15087,,20,1
new,3000,filtered_last,28,2026-10-03T10:32:52.039Z,200,44.827,44.896,15051,2422,15051,,20,1
new,3000,page_first,29,2026-10-03T10:32:52.085Z,200,45.355,45.433,15057,2523,15057,,20,1
new,3000,page_middle,29,2026-10-03T10:32:52.132Z,200,46.913,46.986,15030,2502,15030,,20,1
new,3000,page_last,29,2026-10-03T10:32:52.176Z,200,43.117,43.238,14837,2406,14837,,20,1
new,3000,filtered_first,29,2026-10-03T10:32:52.227Z,200,50.909,50.995,15087,2509,15087,,20,1
new,3000,filtered_last,29,2026-10-03T10:32:52.278Z,200,50.224,50.321,15051,2422,15051,,20,1
new,3000,page_first,30,2026-10-03T10:32:52.324Z,200,45.365,45.495,15057,2523,15057,,20,1
new,3000,page_middle,30,2026-10-03T10:32:52.367Z,200,42.354,42.428,15030,2502,15030,,20,1
new,3000,page_last,30,2026-10-03T10:32:52.409Z,200,42.333,42.404,14837,2406,14837,,20,1
new,3000,filtered_first,30,2026-10-03T10:32:52.459Z,200,49.306,49.386,15087,2509,15087,,20,1
new,3000,filtered_last,30,2026-10-03T10:32:52.504Z,200,45.124,45.194,15051,2422,15051,,20,1
new,3000,all_pages,1,2026-10-03T10:32:58.925Z,200,6370.071,6419.968,2065272,348028,2065272,,2754,138
new,3000,all_pages,2,2026-10-03T10:33:05.319Z,200,6344.322,6395.4,2065272,348028,2065272,,2754,138
new,3000,all_pages,3,2026-10-03T10:33:11.709Z,200,6339.639,6390.002,2065272,348028,2065272,,2754,138
new,3000,all_pages,4,2026-10-03T10:33:18.080Z,200,6322.641,6371.085,2065272,348028,2065272,,2754,138
new,3000,all_pages,5,2026-10-03T10:33:24.581Z,200,6450.885,6501.047,2065272,348028,2065272,,2754,138
new,10000,page_first,1,2026-10-03T11:26:48.231Z,200,47.116,47.176,15022,2465,15022,,20,1
new,10000,page_middle,1,2026-10-03T11:26:48.282Z,200,49.993,50.048,14975,2631,14975,,20,1
new,10000,page_last,1,2026-10-03T11:26:48.329Z,200,46.921,46.972,15016,2512,15016,,20,1
new,10000,filtered_first,1,2026-10-03T11:26:48.387Z,200,57.421,57.48,15129,2336,15129,,20,1
new,10000,filtered_last,1,2026-10-03T11:26:48.436Z,200,48.682,48.79,14955,2393,14955,,20,1
new,10000,page_first,2,2026-10-03T11:26:48.483Z,200,45.676,45.733,15022,2465,15022,,20,1
new,10000,page_middle,2,2026-10-03T11:26:48.535Z,200,51.731,51.793,14975,2631,14975,,20,1
new,10000,page_last,2,2026-10-03T11:26:48.581Z,200,45.806,45.861,15016,2512,15016,,20,1
new,10000,filtered_first,2,2026-10-03T11:26:48.638Z,200,55.916,55.976,15129,2336,15129,,20,1
new,10000,filtered_last,2,2026-10-03T11:26:48.687Z,200,48.464,48.524,14955,2393,14955,,20,1
new,10000,page_first,3,2026-10-03T11:26:48.732Z,200,44.485,44.549,15022,2465,15022,,20,1
new,10000,page_middle,3,2026-10-03T11:26:48.778Z,200,46.175,46.281,14975,2631,14975,,20,1
new,10000,page_last,3,2026-10-03T11:26:48.822Z,200,43.528,43.591,15016,2512,15016,,20,1
new,10000,filtered_first,3,2026-10-03T11:26:48.878Z,200,55.583,55.645,15129,2336,15129,,20,1
new,10000,filtered_last,3,2026-10-03T11:26:48.923Z,200,44.757,44.819,14955,2393,14955,,20,1
new,10000,page_first,4,2026-10-03T11:26:48.964Z,200,40.295,40.4,15022,2465,15022,,20,1
new,10000,page_middle,4,2026-10-03T11:26:49.009Z,200,44.472,44.526,14975,2631,14975,,20,1
new,10000,page_last,4,2026-10-03T11:26:49.051Z,200,41.448,41.502,15016,2512,15016,,20,1
new,10000,filtered_first,4,2026-10-03T11:26:49.104Z,200,52.917,52.977,15129,2336,15129,,20,1
new,10000,filtered_last,4,2026-10-03T11:26:49.149Z,200,44.744,44.799,14955,2393,14955,,20,1
new,10000,page_first,5,2026-10-03T11:26:49.191Z,200,41.429,41.485,15022,2465,15022,,20,1
new,10000,page_middle,5,2026-10-03T11:26:49.236Z,200,44.076,44.131,14975,2631,14975,,20,1
new,10000,page_last,5,2026-10-03T11:26:49.278Z,200,42.214,42.278,15016,2512,15016,,20,1
new,10000,filtered_first,5,2026-10-03T11:26:49.333Z,200,54.615,54.676,15129,2336,15129,,20,1
new,10000,filtered_last,5,2026-10-03T11:26:49.379Z,200,45.121,45.174,14955,2393,14955,,20,1
new,10000,page_first,6,2026-10-03T11:26:49.424Z,200,44.241,44.328,15022,2465,15022,,20,1
new,10000,page_middle,6,2026-10-03T11:26:49.472Z,200,47.454,47.51,14975,2631,14975,,20,1
new,10000,page_last,6,2026-10-03T11:26:49.516Z,200,44.248,44.304,15016,2512,15016,,20,1
new,10000,filtered_first,6,2026-10-03T11:26:49.573Z,200,56.104,56.185,15129,2336,15129,,20,1
new,10000,filtered_last,6,2026-10-03T11:26:49.619Z,200,46.392,46.447,14955,2393,14955,,20,1
new,10000,page_first,7,2026-10-03T11:26:49.664Z,200,44.239,44.293,15022,2465,15022,,20,1
new,10000,page_middle,7,2026-10-03T11:26:49.714Z,200,49.796,49.882,14975,2631,14975,,20,1
new,10000,page_last,7,2026-10-03T11:26:49.760Z,200,45.299,45.361,15016,2512,15016,,20,1
new,10000,filtered_first,7,2026-10-03T11:26:49.818Z,200,57.293,57.38,15129,2336,15129,,20,1
new,10000,filtered_last,7,2026-10-03T11:26:49.873Z,200,54.913,54.977,14955,2393,14955,,20,1
new,10000,page_first,8,2026-10-03T11:26:49.915Z,200,40.788,40.863,15022,2465,15022,,20,1
new,10000,page_middle,8,2026-10-03T11:26:49.959Z,200,43.983,44.035,14975,2631,14975,,20,1
new,10000,page_last,8,2026-10-03T11:26:50.001Z,200,41.655,41.73,15016,2512,15016,,20,1
new,10000,filtered_first,8,2026-10-03T11:26:50.057Z,200,55.473,55.531,15129,2336,15129,,20,1
new,10000,filtered_last,8,2026-10-03T11:26:50.102Z,200,44.454,44.558,14955,2393,14955,,20,1
new,10000,page_first,9,2026-10-03T11:26:50.143Z,200,40.367,40.459,15022,2465,15022,,20,1
new,10000,page_middle,9,2026-10-03T11:26:50.189Z,200,46.071,46.123,14975,2631,14975,,20,1
new,10000,page_last,9,2026-10-03T11:26:50.235Z,200,44.919,44.975,15016,2512,15016,,20,1
new,10000,filtered_first,9,2026-10-03T11:26:50.289Z,200,54.103,54.16,15129,2336,15129,,20,1
new,10000,filtered_last,9,2026-10-03T11:26:50.334Z,200,44.501,44.554,14955,2393,14955,,20,1
new,10000,page_first,10,2026-10-03T11:26:50.380Z,200,45.392,45.441,15022,2465,15022,,20,1
new,10000,page_middle,10,2026-10-03T11:26:50.427Z,200,47.191,47.244,14975,2631,14975,,20,1
new,10000,page_last,10,2026-10-03T11:26:50.473Z,200,45.186,45.252,15016,2512,15016,,20,1
new,10000,filtered_first,10,2026-10-03T11:26:50.530Z,200,57.055,57.111,15129,2336,15129,,20,1
new,10000,filtered_last,10,2026-10-03T11:26:50.579Z,200,48.225,48.276,14955,2393,14955,,20,1
new,10000,page_first,11,2026-10-03T11:26:50.624Z,200,45.039,45.093,15022,2465,15022,,20,1
new,10000,page_middle,11,2026-10-03T11:26:50.672Z,200,46.951,47.007,14975,2631,14975,,20,1
new,10000,page_last,11,2026-10-03T11:26:50.719Z,200,46.713,46.782,15016,2512,15016,,20,1
new,10000,filtered_first,11,2026-10-03T11:26:50.776Z,200,57.231,57.293,15129,2336,15129,,20,1
new,10000,filtered_last,11,2026-10-03T11:26:50.823Z,200,45.957,46.008,14955,2393,14955,,20,1
new,10000,page_first,12,2026-10-03T11:26:50.868Z,200,44.53,44.588,15022,2465,15022,,20,1
new,10000,page_middle,12,2026-10-03T11:26:50.915Z,200,46.501,46.56,14975,2631,14975,,20,1
new,10000,page_last,12,2026-10-03T11:26:50.958Z,200,43.323,43.378,15016,2512,15016,,20,1
new,10000,filtered_first,12,2026-10-03T11:26:51.014Z,200,55.423,55.48,15129,2336,15129,,20,1
new,10000,filtered_last,12,2026-10-03T11:26:51.060Z,200,45.697,45.772,14955,2393,14955,,20,1
new,10000,page_first,13,2026-10-03T11:26:51.104Z,200,43.345,43.396,15022,2465,15022,,20,1
new,10000,page_middle,13,2026-10-03T11:26:51.150Z,200,45.007,45.06,14975,2631,14975,,20,1
new,10000,page_last,13,2026-10-03T11:26:51.193Z,200,42.917,42.969,15016,2512,15016,,20,1
new,10000,filtered_first,13,2026-10-03T11:26:51.249Z,200,55.414,55.472,15129,2336,15129,,20,1
new,10000,filtered_last,13,2026-10-03T11:26:51.295Z,200,45.618,45.669,14955,2393,14955,,20,1
new,10000,page_first,14,2026-10-03T11:26:51.338Z,200,42.861,42.909,15022,2465,15022,,20,1
new,10000,page_middle,14,2026-10-03T11:26:51.385Z,200,46.395,46.453,14975,2631,14975,,20,1
new,10000,page_last,14,2026-10-03T11:26:51.428Z,200,42.808,42.861,15016,2512,15016,,20,1
new,10000,filtered_first,14,2026-10-03T11:26:51.484Z,200,55.843,55.897,15129,2336,15129,,20,1
new,10000,filtered_last,14,2026-10-03T11:26:51.531Z,200,46.843,46.893,14955,2393,14955,,20,1
new,10000,page_first,15,2026-10-03T11:26:51.577Z,200,44.75,44.799,15022,2465,15022,,20,1
new,10000,page_middle,15,2026-10-03T11:26:51.625Z,200,48.23,48.282,14975,2631,14975,,20,1
new,10000,page_last,15,2026-10-03T11:26:51.670Z,200,44.74,44.792,15016,2512,15016,,20,1
new,10000,filtered_first,15,2026-10-03T11:26:51.725Z,200,54.493,54.55,15129,2336,15129,,20,1
new,10000,filtered_last,15,2026-10-03T11:26:51.772Z,200,46.816,46.872,14955,2393,14955,,20,1
new,10000,page_first,16,2026-10-03T11:26:51.815Z,200,42.356,42.408,15022,2465,15022,,20,1
new,10000,page_middle,16,2026-10-03T11:26:51.862Z,200,46.856,46.931,14975,2631,14975,,20,1
new,10000,page_last,16,2026-10-03T11:26:51.907Z,200,44.051,44.11,15016,2512,15016,,20,1
new,10000,filtered_first,16,2026-10-03T11:26:51.966Z,200,58.659,58.719,15129,2336,15129,,20,1
new,10000,filtered_last,16,2026-10-03T11:26:52.011Z,200,44.976,45.028,14955,2393,14955,,20,1
new,10000,page_first,17,2026-10-03T11:26:52.055Z,200,43.141,43.213,15022,2465,15022,,20,1
new,10000,page_middle,17,2026-10-03T11:26:52.103Z,200,47.296,47.354,14975,2631,14975,,20,1
new,10000,page_last,17,2026-10-03T11:26:52.146Z,200,43.193,43.255,15016,2512,15016,,20,1
new,10000,filtered_first,17,2026-10-03T11:26:52.203Z,200,56.246,56.31,15129,2336,15129,,20,1
new,10000,filtered_last,17,2026-10-03T11:26:52.249Z,200,46.097,46.157,14955,2393,14955,,20,1
new,10000,page_first,18,2026-10-03T11:26:52.293Z,200,43.573,43.627,15022,2465,15022,,20,1
new,10000,page_middle,18,2026-10-03T11:26:52.341Z,200,46.845,46.901,14975,2631,14975,,20,1
new,10000,page_last,18,2026-10-03T11:26:52.386Z,200,44.937,44.997,15016,2512,15016,,20,1
new,10000,filtered_first,18,2026-10-03T11:26:52.442Z,200,55.819,55.881,15129,2336,15129,,20,1
new,10000,filtered_last,18,2026-10-03T11:26:52.488Z,200,45.659,45.719,14955,2393,14955,,20,1
new,10000,page_first,19,2026-10-03T11:26:52.534Z,200,45.691,45.745,15022,2465,15022,,20,1
new,10000,page_middle,19,2026-10-03T11:26:52.582Z,200,47.56,47.614,14975,2631,14975,,20,1
new,10000,page_last,19,2026-10-03T11:26:52.629Z,200,45.938,46.005,15016,2512,15016,,20,1
new,10000,filtered_first,19,2026-10-03T11:26:52.689Z,200,60.086,60.144,15129,2336,15129,,20,1
new,10000,filtered_last,19,2026-10-03T11:26:52.737Z,200,48.028,48.086,14955,2393,14955,,20,1
new,10000,page_first,20,2026-10-03T11:26:52.782Z,200,44.407,44.467,15022,2465,15022,,20,1
new,10000,page_middle,20,2026-10-03T11:26:52.831Z,200,47.992,48.056,14975,2631,14975,,20,1
new,10000,page_last,20,2026-10-03T11:26:52.876Z,200,45.07,45.13,15016,2512,15016,,20,1
new,10000,filtered_first,20,2026-10-03T11:26:52.933Z,200,56.48,56.563,15129,2336,15129,,20,1
new,10000,filtered_last,20,2026-10-03T11:26:52.980Z,200,46.815,46.877,14955,2393,14955,,20,1
new,10000,page_first,21,2026-10-03T11:26:53.023Z,200,42.265,42.319,15022,2465,15022,,20,1
new,10000,page_middle,21,2026-10-03T11:26:53.068Z,200,44.746,44.795,14975,2631,14975,,20,1
new,10000,page_last,21,2026-10-03T11:26:53.111Z,200,42.564,42.617,15016,2512,15016,,20,1
new,10000,filtered_first,21,2026-10-03T11:26:53.167Z,200,55.28,55.374,15129,2336,15129,,20,1
new,10000,filtered_last,21,2026-10-03T11:26:53.211Z,200,44.182,44.243,14955,2393,14955,,20,1
new,10000,page_first,22,2026-10-03T11:26:53.254Z,200,42.498,42.554,15022,2465,15022,,20,1
new,10000,page_middle,22,2026-10-03T11:26:53.301Z,200,46.514,46.569,14975,2631,14975,,20,1
new,10000,page_last,22,2026-10-03T11:26:53.349Z,200,46.862,47.029,15016,2512,15016,,20,1
new,10000,filtered_first,22,2026-10-03T11:26:53.409Z,200,59.611,59.683,15129,2336,15129,,20,1
new,10000,filtered_last,22,2026-10-03T11:26:53.453Z,200,43.554,43.639,14955,2393,14955,,20,1
new,10000,page_first,23,2026-10-03T11:26:53.495Z,200,42.268,42.333,15022,2465,15022,,20,1
new,10000,page_middle,23,2026-10-03T11:26:53.541Z,200,45.064,45.12,14975,2631,14975,,20,1
new,10000,page_last,23,2026-10-03T11:26:53.585Z,200,43.246,43.304,15016,2512,15016,,20,1
new,10000,filtered_first,23,2026-10-03T11:26:53.640Z,200,54.925,54.988,15129,2336,15129,,20,1
new,10000,filtered_last,23,2026-10-03T11:26:53.686Z,200,45.99,46.047,14955,2393,14955,,20,1
new,10000,page_first,24,2026-10-03T11:26:53.729Z,200,42.167,42.234,15022,2465,15022,,20,1
new,10000,page_middle,24,2026-10-03T11:26:53.775Z,200,45.446,45.512,14975,2631,14975,,20,1
new,10000,page_last,24,2026-10-03T11:26:53.819Z,200,44.273,44.35,15016,2512,15016,,20,1
new,10000,filtered_first,24,2026-10-03T11:26:53.873Z,200,53.768,53.835,15129,2336,15129,,20,1
new,10000,filtered_last,24,2026-10-03T11:26:53.919Z,200,45.12,45.173,14955,2393,14955,,20,1
new,10000,page_first,25,2026-10-03T11:26:53.961Z,200,41.898,41.956,15022,2465,15022,,20,1
new,10000,page_middle,25,2026-10-03T11:26:54.007Z,200,45.206,45.262,14975,2631,14975,,20,1
new,10000,page_last,25,2026-10-03T11:26:54.051Z,200,44.174,44.231,15016,2512,15016,,20,1
new,10000,filtered_first,25,2026-10-03T11:26:54.107Z,200,54.959,55.019,15129,2336,15129,,20,1
new,10000,filtered_last,25,2026-10-03T11:26:54.153Z,200,45.879,45.936,14955,2393,14955,,20,1
new,10000,page_first,26,2026-10-03T11:26:54.197Z,200,43.896,43.951,15022,2465,15022,,20,1
new,10000,page_middle,26,2026-10-03T11:26:54.244Z,200,46.653,46.708,14975,2631,14975,,20,1
new,10000,page_last,26,2026-10-03T11:26:54.289Z,200,43.984,44.04,15016,2512,15016,,20,1
new,10000,filtered_first,26,2026-10-03T11:26:54.345Z,200,56.269,56.326,15129,2336,15129,,20,1
new,10000,filtered_last,26,2026-10-03T11:26:54.392Z,200,46.709,46.763,14955,2393,14955,,20,1
new,10000,page_first,27,2026-10-03T11:26:54.437Z,200,43.881,43.936,15022,2465,15022,,20,1
new,10000,page_middle,27,2026-10-03T11:26:54.486Z,200,48.446,48.503,14975,2631,14975,,20,1
new,10000,page_last,27,2026-10-03T11:26:54.533Z,200,46.937,47.001,15016,2512,15016,,20,1
new,10000,filtered_first,27,2026-10-03T11:26:54.591Z,200,57.688,57.749,15129,2336,15129,,20,1
new,10000,filtered_last,27,2026-10-03T11:26:54.639Z,200,47.631,47.7,14955,2393,14955,,20,1
new,10000,page_first,28,2026-10-03T11:26:54.684Z,200,44.839,44.901,15022,2465,15022,,20,1
new,10000,page_middle,28,2026-10-03T11:26:54.732Z,200,46.986,47.044,14975,2631,14975,,20,1
new,10000,page_last,28,2026-10-03T11:26:54.777Z,200,44.58,44.65,15016,2512,15016,,20,1
new,10000,filtered_first,28,2026-10-03T11:26:54.831Z,200,53.938,54.011,15129,2336,15129,,20,1
new,10000,filtered_last,28,2026-10-03T11:26:54.878Z,200,46.583,46.645,14955,2393,14955,,20,1
new,10000,page_first,29,2026-10-03T11:26:54.920Z,200,41.786,41.838,15022,2465,15022,,20,1
new,10000,page_middle,29,2026-10-03T11:26:54.968Z,200,47.478,47.553,14975,2631,14975,,20,1
new,10000,page_last,29,2026-10-03T11:26:55.014Z,200,45.558,45.629,15016,2512,15016,,20,1
new,10000,filtered_first,29,2026-10-03T11:26:55.068Z,200,53.71,53.783,15129,2336,15129,,20,1
new,10000,filtered_last,29,2026-10-03T11:26:55.113Z,200,44.19,44.248,14955,2393,14955,,20,1
new,10000,page_first,30,2026-10-03T11:26:55.154Z,200,40.962,41.017,15022,2465,15022,,20,1
new,10000,page_middle,30,2026-10-03T11:26:55.200Z,200,45.835,45.894,14975,2631,14975,,20,1
new,10000,page_last,30,2026-10-03T11:26:55.244Z,200,42.805,42.873,15016,2512,15016,,20,1
new,10000,filtered_first,30,2026-10-03T11:26:55.298Z,200,53.96,54.026,15129,2336,15129,,20,1
new,10000,filtered_last,30,2026-10-03T11:26:55.342Z,200,43.488,43.563,14955,2393,14955,,20,1
new,10000,all_pages,1,2026-10-03T11:27:16.281Z,200,20776.473,20939.645,6894544,1151281,6894544,,9189,460
new,10000,all_pages,2,2026-10-03T11:27:37.109Z,200,20675.743,20829.435,6894544,1151281,6894544,,9189,460
new,10000,all_pages,3,2026-10-03T11:27:57.845Z,200,20579.862,20735.82,6894544,1151281,6894544,,9189,460
new,10000,all_pages,4,2026-10-03T11:28:18.541Z,200,20543.331,20696.732,6894544,1151281,6894544,,9189,460
new,10000,all_pages,5,2026-10-03T11:28:39.726Z,200,21036.97,21186.671,6894544,1151281,6894544,,9189,460
old,100,list_full,1,2026-10-03T11:43:10.756Z,200,202.334,202.568,77127,7726,77127,,94,1
old,100,list_full,2,2026-10-03T11:43:10.961Z,200,203.32,203.506,77127,7726,77127,,94,1
old,100,list_full,3,2026-10-03T11:43:11.179Z,200,216.351,216.569,77127,7726,77127,,94,1
old,100,list_full,4,2026-10-03T11:43:11.381Z,200,200.474,200.686,77127,7726,77127,,94,1
old,100,list_full,5,2026-10-03T11:43:11.587Z,200,204.769,204.956,77127,7726,77127,,94,1
old,100,list_full,6,2026-10-03T11:43:11.803Z,200,214.524,214.803,77127,7726,77127,,94,1
old,100,list_full,7,2026-10-03T11:43:12.024Z,200,219.651,219.805,77127,7726,77127,,94,1
old,100,list_full,8,2026-10-03T11:43:12.244Z,200,218.457,218.589,77127,7726,77127,,94,1
old,100,list_full,9,2026-10-03T11:43:12.464Z,200,219.479,219.784,77127,7726,77127,,94,1
old,100,list_full,10,2026-10-03T11:43:12.686Z,200,220.025,220.297,77127,7726,77127,,94,1
old,100,list_full,11,2026-10-03T11:43:12.908Z,200,220.941,221.105,77127,7726,77127,,94,1
old,100,list_full,12,2026-10-03T11:43:13.131Z,200,221.469,221.636,77127,7726,77127,,94,1
old,100,list_full,13,2026-10-03T11:43:13.356Z,200,224.035,224.192,77127,7726,77127,,94,1
old,100,list_full,14,2026-10-03T11:43:13.566Z,200,208.128,208.333,77127,7726,77127,,94,1
old,100,list_full,15,2026-10-03T11:43:13.785Z,200,218.42,218.567,77127,7726,77127,,94,1
old,100,list_full,16,2026-10-03T11:43:14.005Z,200,218.584,218.726,77127,7726,77127,,94,1
old,100,list_full,17,2026-10-03T11:43:14.229Z,200,223.005,223.2,77127,7726,77127,,94,1
old,100,list_full,18,2026-10-03T11:43:14.454Z,200,223.612,223.772,77127,7726,77127,,94,1
old,100,list_full,19,2026-10-03T11:43:14.679Z,200,223.247,223.402,77127,7726,77127,,94,1
old,100,list_full,20,2026-10-03T11:43:14.902Z,200,222.16,222.427,77127,7726,77127,,94,1
old,100,list_full,21,2026-10-03T11:43:15.127Z,200,224.088,224.226,77127,7726,77127,,94,1
old,100,list_full,22,2026-10-03T11:43:15.352Z,200,223.188,223.323,77127,7726,77127,,94,1
old,100,list_full,23,2026-10-03T11:43:15.570Z,200,217.731,217.949,77127,7726,77127,,94,1
old,100,list_full,24,2026-10-03T11:43:15.788Z,200,216.724,217.004,77127,7726,77127,,94,1
old,100,list_full,25,2026-10-03T11:43:16.011Z,200,221.52,221.697,77127,7726,77127,,94,1
old,100,list_full,26,2026-10-03T11:43:16.234Z,200,221.432,221.688,77127,7726,77127,,94,1
old,100,list_full,27,2026-10-03T11:43:16.454Z,200,219.205,219.424,77127,7726,77127,,94,1
old,100,list_full,28,2026-10-03T11:43:16.671Z,200,214.563,214.866,77127,7726,77127,,94,1
old,100,list_full,29,2026-10-03T11:43:16.890Z,200,218.172,218.378,77127,7726,77127,,94,1
old,100,list_full,30,2026-10-03T11:43:17.116Z,200,224.045,224.212,77127,7726,77127,,94,1
old,1000,list_full,1,2026-10-03T11:56:16.953Z,200,1961.446,1962.892,753629,62508,753629,,916,1
old,1000,list_full,2,2026-10-03T11:56:18.922Z,200,1959.343,1960.505,753629,62508,753629,,916,1
old,1000,list_full,3,2026-10-03T11:56:20.889Z,200,1959.167,1960.265,753629,62508,753629,,916,1
old,1000,list_full,4,2026-10-03T11:56:22.869Z,200,1973.16,1974.106,753629,62508,753629,,916,1
old,1000,list_full,5,2026-10-03T11:56:24.838Z,200,1961.209,1963.134,753629,62508,753629,,916,1
old,1000,list_full,6,2026-10-03T11:56:26.806Z,200,1960.419,1961.591,753629,62508,753629,,916,1
old,1000,list_full,7,2026-10-03T11:56:28.758Z,200,1944.635,1945.473,753629,62508,753629,,916,1
old,1000,list_full,8,2026-10-03T11:56:30.702Z,200,1936.629,1938.107,753629,62508,753629,,916,1
old,1000,list_full,9,2026-10-03T11:56:32.609Z,200,1899.753,1900.741,753629,62508,753629,,916,1
old,1000,list_full,10,2026-10-03T11:56:34.512Z,200,1898.616,1899.852,753629,62508,753629,,916,1
old,1000,list_full,11,2026-10-03T11:56:36.421Z,200,1901.116,1903.019,753629,62508,753629,,916,1
old,1000,list_full,12,2026-10-03T11:56:38.368Z,200,1940.6,1941.651,753629,62508,753629,,916,1
old,1000,list_full,13,2026-10-03T11:56:40.301Z,200,1927.061,1928.039,753629,62508,753629,,916,1
old,1000,list_full,14,2026-10-03T11:56:42.256Z,200,1948.131,1949.531,753629,62508,753629,,916,1
old,1000,list_full,15,2026-10-03T11:56:44.178Z,200,1913.91,1915.741,753629,62508,753629,,916,1
old,1000,list_full,16,2026-10-03T11:56:46.163Z,200,1978.598,1979.476,753629,62508,753629,,916,1
old,1000,list_full,17,2026-10-03T11:56:48.120Z,200,1950.905,1951.796,753629,62508,753629,,916,1
old,1000,list_full,18,2026-10-03T11:56:50.067Z,200,1941.048,1941.973,753629,62508,753629,,916,1
old,1000,list_full,19,2026-10-03T11:56:51.988Z,200,1914.536,1915.541,753629,62508,753629,,916,1
old,1000,list_full,20,2026-10-03T11:56:53.836Z,200,1841.493,1842.911,753629,62508,753629,,916,1
old,1000,list_full,21,2026-10-03T11:56:55.758Z,200,1915.614,1916.6,753629,62508,753629,,916,1
old,1000,list_full,22,2026-10-03T11:56:57.722Z,200,1957.038,1958.023,753629,62508,753629,,916,1
old,1000,list_full,23,2026-10-03T11:56:59.683Z,200,1954.675,1956.538,753629,62508,753629,,916,1
old,1000,list_full,24,2026-10-03T11:57:01.686Z,200,1995.087,1996.73,753629,62508,753629,,916,1
old,1000,list_full,25,2026-10-03T11:57:03.686Z,200,1992.65,1993.613,753629,62508,753629,,916,1
old,1000,list_full,26,2026-10-03T11:57:05.685Z,200,1994.397,1995.288,753629,62508,753629,,916,1
old,1000,list_full,27,2026-10-03T11:57:07.590Z,200,1897.778,1899.173,753629,62508,753629,,916,1
old,1000,list_full,28,2026-10-03T11:57:09.469Z,200,1873.258,1874.425,753629,62508,753629,,916,1
old,1000,list_full,29,2026-10-03T11:57:11.358Z,200,1881.441,1882.388,753629,62508,753629,,916,1
old,1000,list_full,30,2026-10-03T11:57:13.278Z,200,1913.405,1914.28,753629,62508,753629,,916,1
old,3000,list_full,1,2026-10-03T12:46:36.568Z,200,5841.256,5844.591,2267259,185387,2267259,,2754,1
old,3000,list_full,2,2026-10-03T12:46:42.432Z,200,5843.363,5846.237,2267259,185387,2267259,,2754,1
old,3000,list_full,3,2026-10-03T12:46:48.257Z,200,5805.907,5809.113,2267259,185387,2267259,,2754,1
old,3000,list_full,4,2026-10-03T12:46:54.132Z,200,5857.82,5860.421,2267259,185387,2267259,,2754,1
old,3000,list_full,5,2026-10-03T12:47:00.065Z,200,5916.062,5918.605,2267259,185387,2267259,,2754,1
old,3000,list_full,6,2026-10-03T12:47:05.866Z,200,5784.587,5787.508,2267259,185387,2267259,,2754,1
old,3000,list_full,7,2026-10-03T12:47:11.654Z,200,5770.143,5772.893,2267259,185387,2267259,,2754,1
old,3000,list_full,8,2026-10-03T12:47:17.470Z,200,5798.657,5801.983,2267259,185387,2267259,,2754,1
old,3000,list_full,9,2026-10-03T12:47:23.227Z,200,5735.346,5738.631,2267259,185387,2267259,,2754,1
old,3000,list_full,10,2026-10-03T12:47:28.976Z,200,5732.691,5735.823,2267259,185387,2267259,,2754,1
old,3000,list_full,11,2026-10-03T12:47:34.825Z,200,5830.013,5834.64,2267259,185387,2267259,,2754,1
old,3000,list_full,12,2026-10-03T12:47:40.703Z,200,5858.344,5861.264,2267259,185387,2267259,,2754,1
old,3000,list_full,13,2026-10-03T12:47:46.443Z,200,5722.19,5724.878,2267259,185387,2267259,,2754,1
old,3000,list_full,14,2026-10-03T12:47:52.187Z,200,5726.329,5729.262,2267259,185387,2267259,,2754,1
old,3000,list_full,15,2026-10-03T12:47:57.950Z,200,5744.847,5747.818,2267259,185387,2267259,,2754,1
old,3000,list_full,16,2026-10-03T12:48:03.685Z,200,5715.863,5719.694,2267259,185387,2267259,,2754,1
old,3000,list_full,17,2026-10-03T12:48:09.458Z,200,5757.648,5760.304,2267259,185387,2267259,,2754,1
old,3000,list_full,18,2026-10-03T12:48:15.232Z,200,5754.769,5758.109,2267259,185387,2267259,,2754,1
old,3000,list_full,19,2026-10-03T12:48:21.021Z,200,5772.365,5775.381,2267259,185387,2267259,,2754,1
old,3000,list_full,20,2026-10-03T12:48:26.928Z,200,5888.266,5891.002,2267259,185387,2267259,,2754,1
old,3000,list_full,21,2026-10-03T12:48:32.705Z,200,5757.171,5760.311,2267259,185387,2267259,,2754,1
old,3000,list_full,22,2026-10-03T12:48:38.496Z,200,5773.687,5776.79,2267259,185387,2267259,,2754,1
old,3000,list_full,23,2026-10-03T12:48:44.425Z,200,5911.123,5914.19,2267259,185387,2267259,,2754,1
old,3000,list_full,24,2026-10-03T12:48:50.317Z,200,5870.927,5874.703,2267259,185387,2267259,,2754,1
old,3000,list_full,25,2026-10-03T12:48:56.099Z,200,5765.431,5768.4,2267259,185387,2267259,,2754,1
old,3000,list_full,26,2026-10-03T12:49:01.981Z,200,5862.684,5868.355,2267259,185387,2267259,,2754,1
old,3000,list_full,27,2026-10-03T12:49:07.818Z,200,5819.763,5822.794,2267259,185387,2267259,,2754,1
old,3000,list_full,28,2026-10-03T12:49:13.617Z,200,5781.692,5784.707,2267259,185387,2267259,,2754,1
old,3000,list_full,29,2026-10-03T12:49:19.491Z,200,5856.543,5859.943,2267259,185387,2267259,,2754,1
old,3000,list_full,30,2026-10-03T12:49:25.379Z,200,5868.781,5871.804,2267259,185387,2267259,,2754,1
old,10000,list_full,1,2026-10-03T19:37:02.174Z,200,18709.242,18720.42,7568841,619819,7568841,,9189,1
old,10000,list_full,2,2026-10-03T19:37:21.212Z,200,18970.67,18979.727,7568841,619819,7568841,,9189,1
old,10000,list_full,3,2026-10-03T19:37:40.249Z,200,18970.396,18982.804,7568841,619819,7568841,,9189,1
old,10000,list_full,4,2026-10-03T19:37:59.608Z,200,19295.22,19307.613,7568841,619819,7568841,,9189,1
old,10000,list_full,5,2026-10-03T19:38:18.540Z,200,18868.56,18881.159,7568841,619819,7568841,,9189,1
old,10000,list_full,6,2026-10-03T19:38:37.394Z,200,18791.615,18805.075,7568841,619819,7568841,,9189,1
old,10000,list_full,7,2026-10-03T19:38:56.349Z,200,18898.226,18908.559,7568841,619819,7568841,,9189,1
old,10000,list_full,8,2026-10-03T19:39:15.353Z,200,18952.969,18963.378,7568841,619819,7568841,,9189,1
old,10000,list_full,9,2026-10-03T19:39:34.380Z,200,18958.534,18968.642,7568841,619819,7568841,,9189,1
old,10000,list_full,10,2026-10-03T19:39:53.402Z,200,18965.069,18975.61,7568841,619819,7568841,,9189,1
old,10000,list_full,11,2026-10-03T19:40:12.590Z,200,19121.446,19130.564,7568841,619819,7568841,,9189,1
old,10000,list_full,12,2026-10-03T19:40:31.656Z,200,19005.919,19018.437,7568841,619819,7568841,,9189,1
old,10000,list_full,13,2026-10-03T19:40:50.653Z,200,18939.816,18949.475,7568841,619819,7568841,,9189,1
old,10000,list_full,14,2026-10-03T19:41:09.407Z,200,18698.224,18710.306,7568841,619819,7568841,,9189,1
old,10000,list_full,15,2026-10-03T19:41:28.369Z,200,18908.073,18918.536,7568841,619819,7568841,,9189,1
old,10000,list_full,16,2026-10-03T19:41:47.554Z,200,19126.517,19136.081,7568841,619819,7568841,,9189,1
old,10000,list_full,17,2026-10-03T19:42:06.560Z,200,18949.95,18962.885,7568841,619819,7568841,,9189,1
old,10000,list_full,18,2026-10-03T19:42:25.372Z,200,18755.255,18766.732,7568841,619819,7568841,,9189,1
old,10000,list_full,19,2026-10-03T19:42:44.415Z,200,18985.834,18996.889,7568841,619819,7568841,,9189,1
old,10000,list_full,20,2026-10-03T19:43:03.491Z,200,19022.14,19033.266,7568841,619819,7568841,,9189,1
old,10000,list_full,21,2026-10-03T19:43:22.418Z,200,18865.436,18877.19,7568841,619819,7568841,,9189,1
old,10000,list_full,22,2026-10-03T19:43:41.440Z,200,18963.144,18974.466,7568841,619819,7568841,,9189,1
old,10000,list_full,23,2026-10-03T19:44:00.265Z,200,18773.085,18782.253,7568841,619819,7568841,,9189,1
old,10000,list_full,24,2026-10-03T19:44:18.972Z,200,18648.418,18659.191,7568841,619819,7568841,,9189,1
old,10000,list_full,25,2026-10-03T19:44:37.940Z,200,18915.207,18925.492,7568841,619819,7568841,,9189,1
old,10000,list_full,26,2026-10-03T19:44:56.590Z,200,18585.29,18595.231,7568841,619819,7568841,,9189,1
old,10000,list_full,27,2026-10-03T19:45:15.972Z,200,19326.044,19336.507,7568841,619819,7568841,,9189,1
old,10000,list_full,28,2026-10-03T19:45:35.105Z,200,19075.376,19086.992,7568841,619819,7568841,,9189,1
old,10000,list_full,29,2026-10-03T19:45:53.853Z,200,18693.405,18703.474,7568841,619819,7568841,,9189,1
old,10000,list_full,30,2026-10-03T19:46:12.951Z,200,19041.244,19053.59,7568841,619819,7568841,,9189,1
old,5000,list_full,1,2026-10-03T21:16:23.123Z,200,9766.319,9772.555,3789811,308727,3789811,,4601,1
old,5000,list_full,2,2026-10-03T21:16:32.853Z,200,9693.26,9697.808,3789811,308727,3789811,,4601,1
old,5000,list_full,3,2026-10-03T21:16:42.619Z,200,9733.764,9738.283,3789811,308727,3789811,,4601,1
old,5000,list_full,4,2026-10-03T21:16:52.371Z,200,9722.42,9727.524,3789811,308727,3789811,,4601,1
old,5000,list_full,5,2026-10-03T21:17:02.110Z,200,9711.945,9717.309,3789811,308727,3789811,,4601,1
old,5000,list_full,6,2026-10-03T21:17:11.896Z,200,9755.118,9760.157,3789811,308727,3789811,,4601,1
old,5000,list_full,7,2026-10-03T21:17:21.646Z,200,9713.54,9717.984,3789811,308727,3789811,,4601,1
old,5000,list_full,8,2026-10-03T21:17:31.393Z,200,9712.187,9717.933,3789811,308727,3789811,,4601,1
old,5000,list_full,9,2026-10-03T21:17:41.240Z,200,9816.928,9822.031,3789811,308727,3789811,,4601,1
old,5000,list_full,10,2026-10-03T21:17:51.053Z,200,9781.886,9786.76,3789811,308727,3789811,,4601,1
old,5000,list_full,11,2026-10-03T21:18:00.740Z,200,9651.711,9657.23,3789811,308727,3789811,,4601,1
old,5000,list_full,12,2026-10-03T21:18:10.506Z,200,9735.935,9741.859,3789811,308727,3789811,,4601,1
old,5000,list_full,13,2026-10-03T21:18:20.290Z,200,9755.574,9761.838,3789811,308727,3789811,,4601,1
old,5000,list_full,14,2026-10-03T21:18:30.138Z,200,9815.384,9823.539,3789811,308727,3789811,,4601,1
old,5000,list_full,15,2026-10-03T21:18:39.774Z,200,9607.05,9611.301,3789811,308727,3789811,,4601,1
old,5000,list_full,16,2026-10-03T21:18:49.512Z,200,9707.582,9712.198,3789811,308727,3789811,,4601,1
old,5000,list_full,17,2026-10-03T21:18:59.183Z,200,9641.234,9646.771,3789811,308727,3789811,,4601,1
old,5000,list_full,18,2026-10-03T21:19:08.875Z,200,9662.925,9668.395,3789811,308727,3789811,,4601,1
old,5000,list_full,19,2026-10-03T21:19:18.524Z,200,9618.986,9624.189,3789811,308727,3789811,,4601,1
old,5000,list_full,20,2026-10-03T21:19:28.298Z,200,9741.831,9749.004,3789811,308727,3789811,,4601,1
old,5000,list_full,21,2026-10-03T21:19:37.998Z,200,9667.094,9673.13,3789811,308727,3789811,,4601,1
old,5000,list_full,22,2026-10-03T21:19:47.626Z,200,9594.801,9599.544,3789811,308727,3789811,,4601,1
old,5000,list_full,23,2026-10-03T21:19:57.368Z,200,9709.38,9714.477,3789811,308727,3789811,,4601,1
old,5000,list_full,24,2026-10-03T21:20:07.173Z,200,9773.622,9778.598,3789811,308727,3789811,,4601,1
old,5000,list_full,25,2026-10-03T21:20:16.974Z,200,9773.026,9778.873,3789811,308727,3789811,,4601,1
old,5000,list_full,26,2026-10-03T21:20:26.644Z,200,9637.868,9642.711,3789811,308727,3789811,,4601,1
old,5000,list_full,27,2026-10-03T21:20:36.478Z,200,9804.416,9809.934,3789811,308727,3789811,,4601,1
old,5000,list_full,28,2026-10-03T21:20:46.117Z,200,9609.149,9615.352,3789811,308727,3789811,,4601,1
old,5000,list_full,29,2026-10-03T21:20:55.803Z,200,9657.871,9662.798,3789811,308727,3789811,,4601,1
old,5000,list_full,30,2026-10-03T21:21:05.563Z,200,9732.704,9737.606,3789811,308727,3789811,,4601,1
new,5000,page_first,1,2026-10-04T08:28:27.761Z,200,43.281,43.356,14995,2505,14995,,20,1
new,5000,page_middle,1,2026-10-04T08:28:27.807Z,200,43.684,43.761,15112,2584,15112,,20,1
new,5000,page_last,1,2026-10-04T08:28:27.853Z,200,45,45.079,14993,2635,14993,,20,1
new,5000,filtered_first,1,2026-10-04T08:28:27.903Z,200,50.093,50.182,15107,2450,15107,,20,1
new,5000,filtered_last,1,2026-10-04T08:28:27.950Z,200,45.713,45.809,15026,2534,15026,,20,1
new,5000,page_first,2,2026-10-04T08:28:28.002Z,200,45.847,45.93,14995,2505,14995,,20,1
new,5000,page_middle,2,2026-10-04T08:28:28.049Z,200,46.761,46.841,15112,2584,15112,,20,1
new,5000,page_last,2,2026-10-04T08:28:28.098Z,200,47.831,47.905,14993,2635,14993,,20,1
new,5000,filtered_first,2,2026-10-04T08:28:28.152Z,200,53.471,53.571,15107,2450,15107,,20,1
new,5000,filtered_last,2,2026-10-04T08:28:28.203Z,200,50.436,50.513,15026,2534,15026,,20,1
new,5000,page_first,3,2026-10-04T08:28:28.249Z,200,45.855,45.932,14995,2505,14995,,20,1
new,5000,page_middle,3,2026-10-04T08:28:28.296Z,200,46.669,46.743,15112,2584,15112,,20,1
new,5000,page_last,3,2026-10-04T08:28:28.345Z,200,48.231,48.307,14993,2635,14993,,20,1
new,5000,filtered_first,3,2026-10-04T08:28:28.399Z,200,54.177,54.247,15107,2450,15107,,20,1
new,5000,filtered_last,3,2026-10-04T08:28:28.449Z,200,48.6,48.667,15026,2534,15026,,20,1
new,5000,page_first,4,2026-10-04T08:28:28.495Z,200,46.108,46.185,14995,2505,14995,,20,1
new,5000,page_middle,4,2026-10-04T08:28:28.542Z,200,45.898,45.974,15112,2584,15112,,20,1
new,5000,page_last,4,2026-10-04T08:28:28.589Z,200,47.031,47.1,14993,2635,14993,,20,1
new,5000,filtered_first,4,2026-10-04T08:28:28.643Z,200,53.862,53.933,15107,2450,15107,,20,1
new,5000,filtered_last,4,2026-10-04T08:28:28.691Z,200,47.833,47.9,15026,2534,15026,,20,1
new,5000,page_first,5,2026-10-04T08:28:28.739Z,200,46.458,46.527,14995,2505,14995,,20,1
new,5000,page_middle,5,2026-10-04T08:28:28.785Z,200,45.882,45.949,15112,2584,15112,,20,1
new,5000,page_last,5,2026-10-04T08:28:28.833Z,200,47.435,47.525,14993,2635,14993,,20,1
new,5000,filtered_first,5,2026-10-04T08:28:28.885Z,200,52.373,52.454,15107,2450,15107,,20,1
new,5000,filtered_last,5,2026-10-04T08:28:28.934Z,200,47.978,48.047,15026,2534,15026,,20,1
new,5000,page_first,6,2026-10-04T08:28:28.979Z,200,44.873,44.954,14995,2505,14995,,20,1
new,5000,page_middle,6,2026-10-04T08:28:29.026Z,200,45.798,45.92,15112,2584,15112,,20,1
new,5000,page_last,6,2026-10-04T08:28:29.074Z,200,47.71,47.778,14993,2635,14993,,20,1
new,5000,filtered_first,6,2026-10-04T08:28:29.126Z,200,52.015,52.082,15107,2450,15107,,20,1
new,5000,filtered_last,6,2026-10-04T08:28:29.175Z,200,48.327,48.405,15026,2534,15026,,20,1
new,5000,page_first,7,2026-10-04T08:28:29.221Z,200,45.145,45.211,14995,2505,14995,,20,1
new,5000,page_middle,7,2026-10-04T08:28:29.266Z,200,45.327,45.411,15112,2584,15112,,20,1
new,5000,page_last,7,2026-10-04T08:28:29.315Z,200,48.157,48.225,14993,2635,14993,,20,1
new,5000,filtered_first,7,2026-10-04T08:28:29.370Z,200,54.306,54.388,15107,2450,15107,,20,1
new,5000,filtered_last,7,2026-10-04T08:28:29.418Z,200,48.164,48.255,15026,2534,15026,,20,1
new,5000,page_first,8,2026-10-04T08:28:29.465Z,200,46.226,46.291,14995,2505,14995,,20,1
new,5000,page_middle,8,2026-10-04T08:28:29.511Z,200,45.282,45.352,15112,2584,15112,,20,1
new,5000,page_last,8,2026-10-04T08:28:29.559Z,200,47.475,47.567,14993,2635,14993,,20,1
new,5000,filtered_first,8,2026-10-04T08:28:29.615Z,200,55.921,56.009,15107,2450,15107,,20,1
new,5000,filtered_last,8,2026-10-04T08:28:29.663Z,200,47.432,47.549,15026,2534,15026,,20,1
new,5000,page_first,9,2026-10-04T08:28:29.710Z,200,46.35,46.457,14995,2505,14995,,20,1
new,5000,page_middle,9,2026-10-04T08:28:29.757Z,200,46.169,46.233,15112,2584,15112,,20,1
new,5000,page_last,9,2026-10-04T08:28:29.805Z,200,47.88,47.946,14993,2635,14993,,20,1
new,5000,filtered_first,9,2026-10-04T08:28:29.858Z,200,52.72,52.795,15107,2450,15107,,20,1
new,5000,filtered_last,9,2026-10-04T08:28:29.906Z,200,47.056,47.123,15026,2534,15026,,20,1
new,5000,page_first,10,2026-10-04T08:28:29.952Z,200,45.585,45.649,14995,2505,14995,,20,1
new,5000,page_middle,10,2026-10-04T08:28:29.997Z,200,44.451,44.51,15112,2584,15112,,20,1
new,5000,page_last,10,2026-10-04T08:28:30.043Z,200,45.762,45.83,14993,2635,14993,,20,1
new,5000,filtered_first,10,2026-10-04T08:28:30.097Z,200,53.902,54.001,15107,2450,15107,,20,1
new,5000,filtered_last,10,2026-10-04T08:28:30.146Z,200,48.204,48.278,15026,2534,15026,,20,1
new,5000,page_first,11,2026-10-04T08:28:30.192Z,200,45.809,45.892,14995,2505,14995,,20,1
new,5000,page_middle,11,2026-10-04T08:28:30.240Z,200,47.497,47.564,15112,2584,15112,,20,1
new,5000,page_last,11,2026-10-04T08:28:30.289Z,200,48.056,48.121,14993,2635,14993,,20,1
new,5000,filtered_first,11,2026-10-04T08:28:30.341Z,200,52.348,52.416,15107,2450,15107,,20,1
new,5000,filtered_last,11,2026-10-04T08:28:30.390Z,200,48.605,48.706,15026,2534,15026,,20,1
new,5000,page_first,12,2026-10-04T08:28:30.436Z,200,45.208,45.272,14995,2505,14995,,20,1
new,5000,page_middle,12,2026-10-04T08:28:30.482Z,200,45.363,45.43,15112,2584,15112,,20,1
new,5000,page_last,12,2026-10-04T08:28:30.530Z,200,47.989,48.054,14993,2635,14993,,20,1
new,5000,filtered_first,12,2026-10-04T08:28:30.586Z,200,54.784,54.851,15107,2450,15107,,20,1
new,5000,filtered_last,12,2026-10-04T08:28:30.634Z,200,48.107,48.175,15026,2534,15026,,20,1
new,5000,page_first,13,2026-10-04T08:28:30.683Z,200,48.797,48.873,14995,2505,14995,,20,1
new,5000,page_middle,13,2026-10-04T08:28:30.732Z,200,47.852,47.939,15112,2584,15112,,20,1
new,5000,page_last,13,2026-10-04T08:28:30.785Z,200,52.959,53.068,14993,2635,14993,,20,1
new,5000,filtered_first,13,2026-10-04T08:28:30.837Z,200,51.131,51.204,15107,2450,15107,,20,1
new,5000,filtered_last,13,2026-10-04T08:28:30.882Z,200,44.86,44.929,15026,2534,15026,,20,1
new,5000,page_first,14,2026-10-04T08:28:30.924Z,200,41.309,41.367,14995,2505,14995,,20,1
new,5000,page_middle,14,2026-10-04T08:28:30.968Z,200,43.943,44.006,15112,2584,15112,,20,1
new,5000,page_last,14,2026-10-04T08:28:31.013Z,200,44.533,44.603,14993,2635,14993,,20,1
new,5000,filtered_first,14,2026-10-04T08:28:31.063Z,200,49.308,49.374,15107,2450,15107,,20,1
new,5000,filtered_last,14,2026-10-04T08:28:31.110Z,200,46.804,46.868,15026,2534,15026,,20,1
new,5000,page_first,15,2026-10-04T08:28:31.154Z,200,43.754,43.816,14995,2505,14995,,20,1
new,5000,page_middle,15,2026-10-04T08:28:31.199Z,200,44.385,44.444,15112,2584,15112,,20,1
new,5000,page_last,15,2026-10-04T08:28:31.246Z,200,46.592,46.661,14993,2635,14993,,20,1
new,5000,filtered_first,15,2026-10-04T08:28:31.299Z,200,52.278,52.375,15107,2450,15107,,20,1
new,5000,filtered_last,15,2026-10-04T08:28:31.347Z,200,47.743,47.809,15026,2534,15026,,20,1
new,5000,page_first,16,2026-10-04T08:28:31.393Z,200,45.556,45.618,14995,2505,14995,,20,1
new,5000,page_middle,16,2026-10-04T08:28:31.439Z,200,46.06,46.12,15112,2584,15112,,20,1
new,5000,page_last,16,2026-10-04T08:28:31.486Z,200,46.575,46.638,14993,2635,14993,,20,1
new,5000,filtered_first,16,2026-10-04T08:28:31.540Z,200,52.978,53.046,15107,2450,15107,,20,1
new,5000,filtered_last,16,2026-10-04T08:28:31.590Z,200,50.48,50.584,15026,2534,15026,,20,1
new,5000,page_first,17,2026-10-04T08:28:31.637Z,200,45.852,45.942,14995,2505,14995,,20,1
new,5000,page_middle,17,2026-10-04T08:28:31.684Z,200,46.459,46.53,15112,2584,15112,,20,1
new,5000,page_last,17,2026-10-04T08:28:31.733Z,200,49.203,49.278,14993,2635,14993,,20,1
new,5000,filtered_first,17,2026-10-04T08:28:31.785Z,200,51.029,51.098,15107,2450,15107,,20,1
new,5000,filtered_last,17,2026-10-04T08:28:31.833Z,200,47.435,47.51,15026,2534,15026,,20,1
new,5000,page_first,18,2026-10-04T08:28:31.877Z,200,43.489,43.557,14995,2505,14995,,20,1
new,5000,page_middle,18,2026-10-04T08:28:31.920Z,200,42.77,42.837,15112,2584,15112,,20,1
new,5000,page_last,18,2026-10-04T08:28:31.965Z,200,44.47,44.535,14993,2635,14993,,20,1
new,5000,filtered_first,18,2026-10-04T08:28:32.016Z,200,51.055,51.12,15107,2450,15107,,20,1
new,5000,filtered_last,18,2026-10-04T08:28:32.064Z,200,47.033,47.097,15026,2534,15026,,20,1
new,5000,page_first,19,2026-10-04T08:28:32.107Z,200,43.005,43.066,14995,2505,14995,,20,1
new,5000,page_middle,19,2026-10-04T08:28:32.153Z,200,44.949,45.013,15112,2584,15112,,20,1
new,5000,page_last,19,2026-10-04T08:28:32.198Z,200,45.428,45.491,14993,2635,14993,,20,1
new,5000,filtered_first,19,2026-10-04T08:28:32.250Z,200,51.224,51.295,15107,2450,15107,,20,1
new,5000,filtered_last,19,2026-10-04T08:28:32.299Z,200,48.919,48.984,15026,2534,15026,,20,1
new,5000,page_first,20,2026-10-04T08:28:32.345Z,200,45.653,45.726,14995,2505,14995,,20,1
new,5000,page_middle,20,2026-10-04T08:28:32.390Z,200,44.503,44.581,15112,2584,15112,,20,1
new,5000,page_last,20,2026-10-04T08:28:32.439Z,200,48.346,48.411,14993,2635,14993,,20,1
new,5000,filtered_first,20,2026-10-04T08:28:32.492Z,200,52.612,52.676,15107,2450,15107,,20,1
new,5000,filtered_last,20,2026-10-04T08:28:32.540Z,200,47.022,47.087,15026,2534,15026,,20,1
new,5000,page_first,21,2026-10-04T08:28:32.586Z,200,45.975,46.064,14995,2505,14995,,20,1
new,5000,page_middle,21,2026-10-04T08:28:32.632Z,200,45.982,46.044,15112,2584,15112,,20,1
new,5000,page_last,21,2026-10-04T08:28:32.679Z,200,46.216,46.279,14993,2635,14993,,20,1
new,5000,filtered_first,21,2026-10-04T08:28:32.732Z,200,52.81,52.879,15107,2450,15107,,20,1
new,5000,filtered_last,21,2026-10-04T08:28:32.779Z,200,46.653,46.718,15026,2534,15026,,20,1
new,5000,page_first,22,2026-10-04T08:28:32.825Z,200,44.768,44.831,14995,2505,14995,,20,1
new,5000,page_middle,22,2026-10-04T08:28:32.871Z,200,45.831,45.906,15112,2584,15112,,20,1
new,5000,page_last,22,2026-10-04T08:28:32.917Z,200,46.107,46.179,14993,2635,14993,,20,1
new,5000,filtered_first,22,2026-10-04T08:28:32.968Z,200,50.164,50.231,15107,2450,15107,,20,1
new,5000,filtered_last,22,2026-10-04T08:28:33.017Z,200,48.69,48.761,15026,2534,15026,,20,1
new,5000,page_first,23,2026-10-04T08:28:33.060Z,200,42.474,42.538,14995,2505,14995,,20,1
new,5000,page_middle,23,2026-10-04T08:28:33.105Z,200,44.356,44.44,15112,2584,15112,,20,1
new,5000,page_last,23,2026-10-04T08:28:33.151Z,200,45.636,45.698,14993,2635,14993,,20,1
new,5000,filtered_first,23,2026-10-04T08:28:33.203Z,200,52.421,52.502,15107,2450,15107,,20,1
new,5000,filtered_last,23,2026-10-04T08:28:33.250Z,200,46.077,46.136,15026,2534,15026,,20,1
new,5000,page_first,24,2026-10-04T08:28:33.293Z,200,42.476,42.538,14995,2505,14995,,20,1
new,5000,page_middle,24,2026-10-04T08:28:33.339Z,200,45.197,45.266,15112,2584,15112,,20,1
new,5000,page_last,24,2026-10-04T08:28:33.385Z,200,46.176,46.239,14993,2635,14993,,20,1
new,5000,filtered_first,24,2026-10-04T08:28:33.437Z,200,51.95,52.013,15107,2450,15107,,20,1
new,5000,filtered_last,24,2026-10-04T08:28:33.486Z,200,47.945,48.006,15026,2534,15026,,20,1
new,5000,page_first,25,2026-10-04T08:28:33.531Z,200,44.836,44.909,14995,2505,14995,,20,1
new,5000,page_middle,25,2026-10-04T08:28:33.577Z,200,45.34,45.403,15112,2584,15112,,20,1
new,5000,page_last,25,2026-10-04T08:28:33.626Z,200,48.704,48.778,14993,2635,14993,,20,1
new,5000,filtered_first,25,2026-10-04T08:28:33.678Z,200,51.432,51.495,15107,2450,15107,,20,1
new,5000,filtered_last,25,2026-10-04T08:28:33.727Z,200,48.738,48.813,15026,2534,15026,,20,1
new,5000,page_first,26,2026-10-04T08:28:33.773Z,200,46.005,46.08,14995,2505,14995,,20,1
new,5000,page_middle,26,2026-10-04T08:28:33.817Z,200,43.284,43.355,15112,2584,15112,,20,1
new,5000,page_last,26,2026-10-04T08:28:33.861Z,200,43.482,43.577,14993,2635,14993,,20,1
new,5000,filtered_first,26,2026-10-04T08:28:33.908Z,200,46.972,47.038,15107,2450,15107,,20,1
new,5000,filtered_last,26,2026-10-04T08:28:33.951Z,200,42.681,42.745,15026,2534,15026,,20,1
new,5000,page_first,27,2026-10-04T08:28:33.993Z,200,41.26,41.327,14995,2505,14995,,20,1
new,5000,page_middle,27,2026-10-04T08:28:34.037Z,200,43.771,43.835,15112,2584,15112,,20,1
new,5000,page_last,27,2026-10-04T08:28:34.081Z,200,43.193,43.257,14993,2635,14993,,20,1
new,5000,filtered_first,27,2026-10-04T08:28:34.131Z,200,49.448,49.514,15107,2450,15107,,20,1
new,5000,filtered_last,27,2026-10-04T08:28:34.177Z,200,45.477,45.544,15026,2534,15026,,20,1
new,5000,page_first,28,2026-10-04T08:28:34.219Z,200,42.376,42.432,14995,2505,14995,,20,1
new,5000,page_middle,28,2026-10-04T08:28:34.264Z,200,43.837,43.907,15112,2584,15112,,20,1
new,5000,page_last,28,2026-10-04T08:28:34.309Z,200,45.094,45.164,14993,2635,14993,,20,1
new,5000,filtered_first,28,2026-10-04T08:28:34.359Z,200,49.803,49.867,15107,2450,15107,,20,1
new,5000,filtered_last,28,2026-10-04T08:28:34.406Z,200,46.584,46.794,15026,2534,15026,,20,1
new,5000,page_first,29,2026-10-04T08:28:34.453Z,200,45.624,45.697,14995,2505,14995,,20,1
new,5000,page_middle,29,2026-10-04T08:28:34.498Z,200,44.949,45.013,15112,2584,15112,,20,1
new,5000,page_last,29,2026-10-04T08:28:34.547Z,200,48.596,48.666,14993,2635,14993,,20,1
new,5000,filtered_first,29,2026-10-04T08:28:34.601Z,200,53.655,53.725,15107,2450,15107,,20,1
new,5000,filtered_last,29,2026-10-04T08:28:34.649Z,200,47.759,47.851,15026,2534,15026,,20,1
new,5000,page_first,30,2026-10-04T08:28:34.695Z,200,45.324,45.39,14995,2505,14995,,20,1
new,5000,page_middle,30,2026-10-04T08:28:34.742Z,200,46.211,46.277,15112,2584,15112,,20,1
new,5000,page_last,30,2026-10-04T08:28:34.789Z,200,46.714,46.782,14993,2635,14993,,20,1
new,5000,filtered_first,30,2026-10-04T08:28:34.842Z,200,52.559,52.641,15107,2450,15107,,20,1
new,5000,filtered_last,30,2026-10-04T08:28:34.891Z,200,48.546,48.627,15026,2534,15026,,20,1
new,5000,all_pages,1,2026-10-04T08:28:45.285Z,200,10314.04,10394.233,3451616,580479,3451616,,4601,231
new,5000,all_pages,2,2026-10-04T08:28:55.886Z,200,10520.927,10601.754,3451616,580479,3451616,,4601,231
new,5000,all_pages,3,2026-10-04T08:29:06.327Z,200,10363.357,10440.612,3451616,580479,3451616,,4601,231
new,5000,all_pages,4,2026-10-04T08:29:16.862Z,200,10459.212,10535.059,3451616,580479,3451616,,4601,231
new,5000,all_pages,5,2026-10-04T08:29:27.186Z,200,10249.45,10324.849,3451616,580479,3451616,,4601,231
