variant,n,network,cpu,scenario,run,timestamp,status,timed_out,note,duration_ms,first_row_ms,list_ready_ms,fcp_ms,lcp_ms,tbt_ms,long_tasks,js_heap_used_bytes,js_heap_used_after_gc_bytes,dom_nodes,dom_elements,api_requests,api_transfer_bytes,api_body_bytes,api_items,total_requests,total_transfer_bytes,rows_rendered,rows_reached
new,100,none,1,initial_load,1,2026-10-03T09:55:06.884Z,ok,0,,580.2,580.2,580.2,64,444,19,2,11592236,9671772,786,535,1,15384,15075,20,9,858981,12,
new,100,none,1,scroll_pages,1,2026-10-03T09:55:09.515Z,ok,0,,920.2,,,,,0,0,16790680,10936820,1185,788,3,45665,44741,60,3,45665,20,60
new,100,none,1,scroll_all,1,2026-10-03T09:55:12.272Z,ok,0,,723.3,,,,,0,0,16297760,10917408,937,630,4,56294,55075,74,4,56294,15,94
new,100,none,1,filter_change,1,2026-10-03T09:55:14.086Z,ok,0,rows 12->12,80,,,,,0,0,14009740,11428800,899,617,1,15264,14956,20,1,15264,12,
new,100,none,1,sort_change,1,2026-10-03T09:55:15.882Z,ok,0,rows 12->12,79.1,,,,,0,0,13587584,11234092,847,560,1,15227,14919,20,1,15227,12,
new,100,none,1,initial_load,2,2026-10-03T09:55:18.023Z,ok,0,,571.9,571.9,571.9,68,452,18,2,11484876,9663904,786,535,1,15384,15075,20,9,858981,12,
new,100,none,1,scroll_pages,2,2026-10-03T09:55:20.716Z,ok,0,,991,,,,,0,0,16021872,10930656,1185,788,3,45665,44741,60,3,45665,20,60
new,100,none,1,scroll_all,2,2026-10-03T09:55:23.572Z,ok,0,,869.4,,,,,0,0,15164920,10907356,937,630,4,56294,55075,74,4,56294,15,94
new,100,none,1,filter_change,2,2026-10-03T09:55:25.404Z,ok,0,rows 12->12,80.3,,,,,0,0,14022616,11429608,899,617,1,15264,14956,20,1,15264,12,
new,100,none,1,sort_change,2,2026-10-03T09:55:27.244Z,ok,0,rows 12->12,84.6,,,,,0,0,13630548,11236872,847,560,1,15227,14919,20,1,15227,12,
new,100,none,1,initial_load,3,2026-10-03T09:55:29.388Z,ok,0,,573.7,573.7,573.7,64,508,19,2,11509972,9663892,786,535,1,15384,15075,20,9,858981,12,
new,100,none,1,scroll_pages,3,2026-10-03T09:55:32.069Z,ok,0,,971.2,,,,,0,0,16702820,10930452,1185,788,3,45665,44741,60,3,45665,20,60
new,100,none,1,scroll_all,3,2026-10-03T09:55:34.838Z,ok,0,,746.5,,,,,0,0,14988940,10908932,937,630,4,56294,55075,74,4,56294,15,94
new,100,none,1,filter_change,3,2026-10-03T09:55:36.668Z,ok,0,rows 12->12,77.6,,,,,0,0,14782228,11437672,899,617,1,15264,14956,20,1,15264,12,
new,100,none,1,sort_change,3,2026-10-03T09:55:38.478Z,ok,0,rows 12->12,79.8,,,,,0,0,13542760,11224588,847,560,1,15227,14919,20,1,15227,12,
new,100,none,1,initial_load,4,2026-10-03T09:55:40.634Z,ok,0,,586.9,586.9,586.9,64,460,23,2,11543248,9657448,786,535,1,15384,15075,20,9,858981,12,
new,100,none,1,scroll_pages,4,2026-10-03T09:55:43.256Z,ok,0,,918.3,,,,,0,0,17055756,11019304,1239,822,3,45665,44741,60,3,45665,21,63
new,100,none,1,scroll_all,4,2026-10-03T09:55:46.071Z,ok,0,,784.9,,,,,0,0,16302964,10913412,937,630,4,56294,55075,74,4,56294,15,94
new,100,none,1,filter_change,4,2026-10-03T09:55:47.879Z,ok,0,rows 12->12,79.4,,,,,0,0,14770152,11431412,899,617,1,15264,14956,20,1,15264,12,
new,100,none,1,sort_change,4,2026-10-03T09:55:49.726Z,ok,0,rows 12->12,80.5,,,,,0,0,13575984,11222952,847,560,1,15227,14919,20,1,15227,12,
new,100,none,1,initial_load,5,2026-10-03T09:55:51.877Z,ok,0,,577.1,577.1,577.1,64,464,20,2,11503976,9671788,786,535,1,15384,15075,20,9,858981,12,
new,100,none,1,scroll_pages,5,2026-10-03T09:55:54.497Z,ok,0,,918.7,,,,,0,0,16064716,10924388,1185,788,3,45665,44741,60,3,45665,20,60
new,100,none,1,scroll_all,5,2026-10-03T09:55:57.271Z,ok,0,,774.2,,,,,0,0,18493792,10917128,937,630,4,56294,55075,74,4,56294,15,94
new,100,none,1,filter_change,5,2026-10-03T09:55:59.102Z,ok,0,rows 12->12,81.8,,,,,0,0,14736676,11430276,899,617,1,15264,14956,20,1,15264,12,
new,100,none,1,sort_change,5,2026-10-03T09:56:00.891Z,ok,0,rows 12->12,75.3,,,,,0,0,13577032,11233884,847,560,1,15227,14919,20,1,15227,12,
new,100,none,1,initial_load,6,2026-10-03T09:56:03.055Z,ok,0,,580.6,580.6,580.6,64,460,20,2,11529564,9657180,786,535,1,15384,15075,20,9,858981,12,
new,100,none,1,scroll_pages,6,2026-10-03T09:56:05.633Z,ok,0,,878.3,,,,,0,0,16064204,10924784,1185,788,3,45665,44741,60,3,45665,20,60
new,100,none,1,scroll_all,6,2026-10-03T09:56:08.434Z,ok,0,,796.3,,,,,0,0,16324808,10921392,937,630,4,56294,55075,74,4,56294,15,94
new,100,none,1,filter_change,6,2026-10-03T09:56:10.282Z,ok,0,rows 12->12,79.3,,,,,0,0,14771948,11436052,899,617,1,15264,14956,20,1,15264,12,
new,100,none,1,sort_change,6,2026-10-03T09:56:12.081Z,ok,0,rows 12->12,84.1,,,,,0,0,13591772,11234220,847,560,1,15227,14919,20,1,15227,12,
new,100,none,1,initial_load,7,2026-10-03T09:56:14.222Z,ok,0,,568.8,568.8,568.8,72,724,15,2,11564776,9671096,786,535,1,15384,15075,20,9,858981,12,
new,100,none,1,scroll_pages,7,2026-10-03T09:56:16.833Z,ok,0,,917.5,,,,,0,0,16072240,10924752,1185,788,3,45665,44741,60,3,45665,20,60
new,100,none,1,scroll_all,7,2026-10-03T09:56:19.700Z,ok,0,,816.7,,,,,0,0,16352556,10913608,937,630,4,56294,55075,74,4,56294,15,94
new,100,none,1,filter_change,7,2026-10-03T09:56:21.557Z,ok,0,rows 12->12,79.3,,,,,0,0,13991460,11425968,899,617,1,15264,14956,20,1,15264,12,
new,100,none,1,sort_change,7,2026-10-03T09:56:23.362Z,ok,0,rows 12->12,77.8,,,,,0,0,13568996,11230128,847,560,1,15227,14919,20,1,15227,12,
new,100,none,1,initial_load,8,2026-10-03T09:56:25.503Z,ok,0,,570.3,570.3,570.3,80,500,15,2,11527876,9657432,786,535,1,15384,15075,20,9,858981,12,
new,100,none,1,scroll_pages,8,2026-10-03T09:56:28.179Z,ok,0,,972.8,,,,,0,0,16697004,10937056,1185,788,3,45665,44741,60,3,45665,20,60
new,100,none,1,scroll_all,8,2026-10-03T09:56:30.933Z,ok,0,,770.8,,,,,0,0,16300340,10914716,937,630,4,56294,55075,74,4,56294,15,94
new,100,none,1,filter_change,8,2026-10-03T09:56:32.747Z,ok,0,rows 12->12,81.6,,,,,0,0,14014836,11432260,899,617,1,15264,14956,20,1,15264,12,
new,100,none,1,sort_change,8,2026-10-03T09:56:34.537Z,ok,0,rows 12->12,77.1,,,,,0,0,13587580,11227684,847,560,1,15227,14919,20,1,15227,12,
new,100,none,1,initial_load,9,2026-10-03T09:56:36.686Z,ok,0,,578.8,578.8,578.8,64,468,17,2,11536640,9671724,786,535,1,15384,15075,20,9,858981,12,
new,100,none,1,scroll_pages,9,2026-10-03T09:56:39.273Z,ok,0,,885,,,,,0,0,16082224,10932044,1185,788,3,45665,44741,60,3,45665,20,60
new,100,none,1,scroll_all,9,2026-10-03T09:56:42.082Z,ok,0,,750.7,,,,,0,0,15011024,10907936,937,630,4,56294,55075,74,4,56294,15,94
new,100,none,1,filter_change,9,2026-10-03T09:56:43.920Z,ok,0,rows 12->12,81.3,,,,,0,0,14030480,11429508,899,617,1,15264,14956,20,1,15264,12,
new,100,none,1,sort_change,9,2026-10-03T09:56:45.742Z,ok,0,rows 12->12,81.8,,,,,0,0,13584708,11236972,847,560,1,15227,14919,20,1,15227,12,
new,100,none,1,initial_load,10,2026-10-03T09:56:47.884Z,ok,0,,569.3,569.3,569.3,64,728,14,2,11569328,9671652,786,535,1,15384,15075,20,9,858981,12,
new,100,none,1,scroll_pages,10,2026-10-03T09:56:50.515Z,ok,0,,922,,,,,0,0,16054324,10933256,1185,788,3,45665,44741,60,3,45665,20,60
new,100,none,1,scroll_all,10,2026-10-03T09:56:53.331Z,ok,0,,757.9,,,,,0,0,14944352,10910216,937,630,4,56294,55075,74,4,56294,15,94
new,100,none,1,filter_change,10,2026-10-03T09:56:55.161Z,ok,0,rows 12->12,78.7,,,,,0,0,14735540,11433200,899,617,1,15264,14956,20,1,15264,12,
new,100,none,1,sort_change,10,2026-10-03T09:56:56.962Z,ok,0,rows 12->12,79.4,,,,,0,0,13556220,11231500,847,560,1,15227,14919,20,1,15227,12,
new,100,none,1,initial_load,11,2026-10-03T09:56:59.116Z,ok,0,,575.6,575.6,575.6,72,472,17,2,11539276,9671728,786,535,1,15384,15075,20,9,858981,12,
new,100,none,1,scroll_pages,11,2026-10-03T09:57:01.759Z,ok,0,,937.5,,,,,0,0,16776132,10934700,1185,788,3,45665,44741,60,3,45665,20,60
new,100,none,1,scroll_all,11,2026-10-03T09:57:04.563Z,ok,0,,780,,,,,0,0,16293292,10921228,937,630,4,56294,55075,74,4,56294,15,94
new,100,none,1,filter_change,11,2026-10-03T09:57:06.392Z,ok,0,rows 12->12,78.8,,,,,0,0,14740088,11435012,899,617,1,15264,14956,20,1,15264,12,
new,100,none,1,sort_change,11,2026-10-03T09:57:08.188Z,ok,0,rows 12->12,77.6,,,,,0,0,13640840,11234352,847,560,1,15227,14919,20,1,15227,12,
new,100,none,1,initial_load,12,2026-10-03T09:57:10.326Z,ok,0,,568.5,568.5,568.5,64,764,14,2,11506852,9657448,786,535,1,15384,15075,20,9,858981,12,
new,100,none,1,scroll_pages,12,2026-10-03T09:57:12.971Z,ok,0,,951,,,,,0,0,16697252,10937352,1185,788,3,45665,44741,60,3,45665,20,60
new,100,none,1,scroll_all,12,2026-10-03T09:57:15.777Z,ok,0,,806.9,,,,,0,0,15008880,10908924,937,630,4,56294,55075,74,4,56294,15,94
new,100,none,1,filter_change,12,2026-10-03T09:57:17.623Z,ok,0,rows 12->12,83.5,,,,,0,0,13979340,11425724,899,617,1,15264,14956,20,1,15264,12,
new,100,none,1,sort_change,12,2026-10-03T09:57:19.419Z,ok,0,rows 12->12,78.5,,,,,0,0,13560812,11234228,847,560,1,15227,14919,20,1,15227,12,
new,100,none,1,initial_load,13,2026-10-03T09:57:21.562Z,ok,0,,570,570,570,64,804,20,3,11559788,9657428,786,535,1,15384,15075,20,9,858981,12,
new,100,none,1,scroll_pages,13,2026-10-03T09:57:24.191Z,ok,0,,929.6,,,,,0,0,16140140,10933048,1185,788,3,45665,44741,60,3,45665,20,60
new,100,none,1,scroll_all,13,2026-10-03T09:57:26.930Z,ok,0,,748.1,,,,,0,0,16294532,10917780,937,630,4,56294,55075,74,4,56294,15,94
new,100,none,1,filter_change,13,2026-10-03T09:57:28.771Z,ok,0,rows 12->12,79.8,,,,,0,0,14737556,11432412,899,617,1,15264,14956,20,1,15264,12,
new,100,none,1,sort_change,13,2026-10-03T09:57:30.581Z,ok,0,rows 12->12,76.6,,,,,0,0,13534988,11222908,847,560,1,15227,14919,20,1,15227,12,
new,100,none,1,initial_load,14,2026-10-03T09:57:32.717Z,ok,0,,566.8,566.8,566.8,72,716,11,2,11517708,9658640,786,535,1,15384,15075,20,9,858981,12,
new,100,none,1,scroll_pages,14,2026-10-03T09:57:35.318Z,ok,0,,917.1,,,,,0,0,16059748,10943788,1185,788,3,45665,44741,60,3,45665,20,60
new,100,none,1,scroll_all,14,2026-10-03T09:57:38.112Z,ok,0,,807.5,,,,,0,0,14946416,10915716,937,630,4,56294,55075,74,4,56294,15,94
new,100,none,1,filter_change,14,2026-10-03T09:57:39.957Z,ok,0,rows 12->12,81.9,,,,,0,0,14727528,11431216,899,617,1,15264,14956,20,1,15264,12,
new,100,none,1,sort_change,14,2026-10-03T09:57:41.758Z,ok,0,rows 12->12,85.6,,,,,0,0,13600968,11234540,847,560,1,15227,14919,20,1,15227,12,
new,100,none,1,initial_load,15,2026-10-03T09:57:43.899Z,ok,0,,572.3,572.3,572.3,80,440,19,3,11527956,9657484,786,535,1,15384,15075,20,9,858981,12,
new,100,none,1,scroll_pages,15,2026-10-03T09:57:46.511Z,ok,0,,925.4,,,,,0,0,16029740,10924860,1185,788,3,45665,44741,60,3,45665,20,60
new,100,none,1,scroll_all,15,2026-10-03T09:57:49.289Z,ok,0,,785.9,,,,,0,0,16330024,10920296,937,630,4,56294,55075,74,4,56294,15,94
new,100,none,1,filter_change,15,2026-10-03T09:57:51.150Z,ok,0,rows 12->12,81.3,,,,,0,0,14023684,11430132,899,617,1,15264,14956,20,1,15264,12,
new,100,none,1,sort_change,15,2026-10-03T09:57:52.990Z,ok,0,rows 12->12,79.7,,,,,0,0,13564832,11223804,847,560,1,15227,14919,20,1,15227,12,
new,100,none,1,initial_load,16,2026-10-03T09:57:55.139Z,ok,0,,577.7,577.7,577.7,76,456,21,2,11502196,9657324,786,535,1,15384,15075,20,9,858981,12,
new,100,none,1,scroll_pages,16,2026-10-03T09:57:57.746Z,ok,0,,906.1,,,,,0,0,17065152,11012344,1239,822,3,45665,44741,60,3,45665,21,63
new,100,none,1,scroll_all,16,2026-10-03T09:58:00.494Z,ok,0,,742.1,,,,,0,0,14988200,10915524,937,630,4,56294,55075,74,4,56294,15,94
new,100,none,1,filter_change,16,2026-10-03T09:58:02.354Z,ok,0,rows 12->12,87.2,,,,,0,0,13970496,11426064,899,617,1,15264,14956,20,1,15264,12,
new,100,none,1,sort_change,16,2026-10-03T09:58:04.150Z,ok,0,rows 12->12,78,,,,,0,0,13603192,11226868,847,560,1,15227,14919,20,1,15227,12,
new,100,none,1,initial_load,17,2026-10-03T09:58:06.289Z,ok,0,,570.1,570.1,570.1,64,452,14,2,11513772,9664008,786,535,1,15384,15075,20,9,858981,12,
new,100,none,1,scroll_pages,17,2026-10-03T09:58:08.875Z,ok,0,,887.1,,,,,0,0,16041476,10924720,1185,788,3,45665,44741,60,3,45665,20,60
new,100,none,1,scroll_all,17,2026-10-03T09:58:11.675Z,ok,0,,812.4,,,,,0,0,14956428,10909324,937,630,4,56294,55075,74,4,56294,15,94
new,100,none,1,filter_change,17,2026-10-03T09:58:13.484Z,ok,0,rows 12->12,80.8,,,,,0,0,14779068,11428932,899,617,1,15264,14956,20,1,15264,12,
new,100,none,1,sort_change,17,2026-10-03T09:58:15.286Z,ok,0,rows 12->12,81.3,,,,,0,0,13562168,11227704,847,560,1,15227,14919,20,1,15227,12,
new,100,none,1,initial_load,18,2026-10-03T09:58:17.424Z,ok,0,,568.8,568.8,568.8,80,764,16,2,11541184,9672028,786,535,1,15384,15075,20,9,858981,12,
new,100,none,1,scroll_pages,18,2026-10-03T09:58:20.170Z,ok,0,,1102.1,,,,,0,0,17074236,11016552,1239,822,3,45665,44741,60,3,45665,21,63
new,100,none,1,scroll_all,18,2026-10-03T09:58:22.889Z,ok,0,,738.7,,,,,0,0,16311048,10919708,937,630,4,56294,55075,74,4,56294,15,94
new,100,none,1,filter_change,18,2026-10-03T09:58:24.750Z,ok,0,rows 12->12,82,,,,,0,0,14781320,11429076,899,617,1,15264,14956,20,1,15264,12,
new,100,none,1,sort_change,18,2026-10-03T09:58:26.548Z,ok,0,rows 12->12,79.1,,,,,0,0,13557528,11236640,847,560,1,15227,14919,20,1,15227,12,
new,100,none,1,initial_load,19,2026-10-03T09:58:28.697Z,ok,0,,577.3,577.3,577.3,64,500,18,2,11534524,9671760,786,535,1,15384,15075,20,9,858981,12,
new,100,none,1,scroll_pages,19,2026-10-03T09:58:31.390Z,ok,0,,1047,,,,,0,0,17869892,11017832,1239,822,3,45665,44741,60,3,45665,21,63
new,100,none,1,scroll_all,19,2026-10-03T09:58:34.158Z,ok,0,,778.5,,,,,0,0,16325984,10914984,937,630,4,56294,55075,74,4,56294,15,94
new,100,none,1,filter_change,19,2026-10-03T09:58:35.967Z,ok,0,rows 12->12,78.8,,,,,0,0,14772868,11438688,899,617,1,15264,14956,20,1,15264,12,
new,100,none,1,sort_change,19,2026-10-03T09:58:37.762Z,ok,0,rows 12->12,77.7,,,,,0,0,13566484,11236864,847,560,1,15227,14919,20,1,15227,12,
new,100,none,1,initial_load,20,2026-10-03T09:58:39.906Z,ok,0,,573.2,573.2,573.2,64,464,17,2,11512056,9661860,786,535,1,15384,15075,20,9,858981,12,
new,100,none,1,scroll_pages,20,2026-10-03T09:58:42.553Z,ok,0,,955.5,,,,,0,0,16709228,10936820,1185,788,3,45665,44741,60,3,45665,20,60
new,100,none,1,scroll_all,20,2026-10-03T09:58:45.355Z,ok,0,,819.9,,,,,0,0,16261812,10914576,937,630,4,56294,55075,74,4,56294,15,94
new,100,none,1,filter_change,20,2026-10-03T09:58:47.196Z,ok,0,rows 12->12,80.5,,,,,0,0,14785272,11439560,899,617,1,15264,14956,20,1,15264,12,
new,100,none,1,sort_change,20,2026-10-03T09:58:48.996Z,ok,0,rows 12->12,79.2,,,,,0,0,13631060,11236096,847,560,1,15227,14919,20,1,15227,12,
new,100,none,1,initial_load,21,2026-10-03T09:58:51.140Z,ok,0,,568.4,568.4,568.4,68,516,16,2,11500088,9657500,786,535,1,15384,15075,20,9,858981,12,
new,100,none,1,scroll_pages,21,2026-10-03T09:58:53.738Z,ok,0,,888.7,,,,,0,0,16134520,10931924,1185,788,3,45665,44741,60,3,45665,20,60
new,100,none,1,scroll_all,21,2026-10-03T09:58:56.526Z,ok,0,,786.1,,,,,0,0,14915132,10909036,937,630,4,56294,55075,74,4,56294,15,94
new,100,none,1,filter_change,21,2026-10-03T09:58:58.337Z,ok,0,rows 12->12,80.4,,,,,0,0,13963900,11434024,899,617,1,15264,14956,20,1,15264,12,
new,100,none,1,sort_change,21,2026-10-03T09:59:00.163Z,ok,0,rows 12->12,83.6,,,,,0,0,13566716,11234020,847,560,1,15227,14919,20,1,15227,12,
new,100,none,1,initial_load,22,2026-10-03T09:59:02.301Z,ok,0,,567.3,567.3,567.3,64,720,14,2,11497712,9663304,786,535,1,15384,15075,20,9,858981,12,
new,100,none,1,scroll_pages,22,2026-10-03T09:59:04.905Z,ok,0,,904.2,,,,,0,0,16057588,10932924,1185,788,3,45665,44741,60,3,45665,20,60
new,100,none,1,scroll_all,22,2026-10-03T09:59:07.752Z,ok,0,,871.4,,,,,0,0,16249140,10908744,937,630,4,56294,55075,74,4,56294,15,94
new,100,none,1,filter_change,22,2026-10-03T09:59:09.619Z,ok,0,rows 12->12,84,,,,,0,0,14765220,11433908,899,617,1,15264,14956,20,1,15264,12,
new,100,none,1,sort_change,22,2026-10-03T09:59:11.415Z,ok,0,rows 12->12,80.6,,,,,0,0,13606072,11223152,847,560,1,15227,14919,20,1,15227,12,
new,100,none,1,initial_load,23,2026-10-03T09:59:13.563Z,ok,0,,576.4,576.4,576.4,84,500,21,2,11525756,9671748,786,535,1,15384,15075,20,9,858981,12,
new,100,none,1,scroll_pages,23,2026-10-03T09:59:16.282Z,ok,0,,1017.8,,,,,0,0,16746676,10937260,1185,788,3,45665,44741,60,3,45665,20,60
new,100,none,1,scroll_all,23,2026-10-03T09:59:19.119Z,ok,0,,820.7,,,,,0,0,15248792,10922284,937,630,4,56294,55075,74,4,56294,15,94
new,100,none,1,filter_change,23,2026-10-03T09:59:20.934Z,ok,0,rows 12->12,80.9,,,,,0,0,13975816,11425948,899,617,1,15264,14956,20,1,15264,12,
new,100,none,1,sort_change,23,2026-10-03T09:59:22.761Z,ok,0,rows 12->12,78.1,,,,,0,0,13572012,11223024,847,560,1,15227,14919,20,1,15227,12,
new,100,none,1,initial_load,24,2026-10-03T09:59:24.928Z,ok,0,,594.3,594.3,594.3,68,536,33,3,11548644,9663608,786,535,1,15384,15075,20,9,858981,12,
new,100,none,1,scroll_pages,24,2026-10-03T09:59:27.576Z,ok,0,,941.4,,,,,0,0,16776708,10937132,1185,788,3,45665,44741,60,3,45665,20,60
new,100,none,1,scroll_all,24,2026-10-03T09:59:30.488Z,ok,0,,911.5,,,,,0,0,15219196,10913516,937,630,4,56294,55075,74,4,56294,15,94
new,100,none,1,filter_change,24,2026-10-03T09:59:32.318Z,ok,0,rows 12->12,77.7,,,,,0,0,14750052,11432660,899,617,1,15264,14956,20,1,15264,12,
new,100,none,1,sort_change,24,2026-10-03T09:59:34.127Z,ok,0,rows 12->12,79.7,,,,,0,0,13564168,11231520,847,560,1,15227,14919,20,1,15227,12,
new,100,none,1,initial_load,25,2026-10-03T09:59:36.270Z,ok,0,,571.9,571.9,571.9,80,476,14,2,11579172,9671956,786,535,1,15384,15075,20,9,858981,12,
new,100,none,1,scroll_pages,25,2026-10-03T09:59:38.878Z,ok,0,,916.7,,,,,0,0,16037308,10932096,1185,788,3,45665,44741,60,3,45665,20,60
new,100,none,1,scroll_all,25,2026-10-03T09:59:41.739Z,ok,0,,783.1,,,,,0,0,14949456,10910608,937,630,4,56294,55075,74,4,56294,15,94
new,100,none,1,filter_change,25,2026-10-03T09:59:43.610Z,ok,0,rows 12->12,83.9,,,,,0,0,14748468,11433992,899,617,1,15264,14956,20,1,15264,12,
new,100,none,1,sort_change,25,2026-10-03T09:59:45.412Z,ok,0,rows 12->12,80.7,,,,,0,0,13571164,11227632,847,560,1,15227,14919,20,1,15227,12,
new,100,none,1,initial_load,26,2026-10-03T09:59:47.554Z,ok,0,,567.5,567.5,567.5,80,728,14,2,11508564,9671808,786,535,1,15384,15075,20,9,858981,12,
new,100,none,1,scroll_pages,26,2026-10-03T09:59:50.181Z,ok,0,,976.2,,,,,0,0,17083288,11022516,1239,822,3,45665,44741,60,3,45665,21,63
new,100,none,1,scroll_all,26,2026-10-03T09:59:52.931Z,ok,0,,756.9,,,,,0,0,16329892,10912540,937,630,4,56294,55075,74,4,56294,15,94
new,100,none,1,filter_change,26,2026-10-03T09:59:54.777Z,ok,0,rows 12->12,79.9,,,,,0,0,14754024,11444244,899,617,1,15264,14956,20,1,15264,12,
new,100,none,1,sort_change,26,2026-10-03T09:59:56.584Z,ok,0,rows 12->12,81.7,,,,,0,0,13544340,11235460,847,560,1,15227,14919,20,1,15227,12,
new,100,none,1,initial_load,27,2026-10-03T09:59:58.730Z,ok,0,,578.7,578.7,578.7,72,460,19,2,11523252,9657604,786,535,1,15384,15075,20,9,858981,12,
new,100,none,1,scroll_pages,27,2026-10-03T10:00:01.510Z,ok,0,,1081.5,,,,,0,0,16781296,10931328,1185,788,3,45665,44741,60,3,45665,20,60
new,100,none,1,scroll_all,27,2026-10-03T10:00:04.266Z,ok,0,,759.6,,,,,0,0,14988860,10908976,937,630,4,56294,55075,74,4,56294,15,94
new,100,none,1,filter_change,27,2026-10-03T10:00:06.113Z,ok,0,rows 12->12,85,,,,,0,0,14780340,11434248,899,617,1,15264,14956,20,1,15264,12,
new,100,none,1,sort_change,27,2026-10-03T10:00:07.956Z,ok,0,rows 12->12,83.6,,,,,0,0,13565596,11231788,847,560,1,15227,14919,20,1,15227,12,
new,100,none,1,initial_load,28,2026-10-03T10:00:10.093Z,ok,0,,569.2,569.2,569.2,72,756,11,2,11535440,9657672,786,535,1,15384,15075,20,9,858981,12,
new,100,none,1,scroll_pages,28,2026-10-03T10:00:12.691Z,ok,0,,907.2,,,,,0,0,16092472,10938704,1185,788,3,45665,44741,60,3,45665,20,60
new,100,none,1,scroll_all,28,2026-10-03T10:00:15.516Z,ok,0,,812.7,,,,,0,0,16294952,10913124,937,630,4,56294,55075,74,4,56294,15,94
new,100,none,1,filter_change,28,2026-10-03T10:00:17.325Z,ok,0,rows 12->12,79.7,,,,,0,0,14708472,11430216,899,617,1,15264,14956,20,1,15264,12,
new,100,none,1,sort_change,28,2026-10-03T10:00:19.124Z,ok,0,rows 12->12,78.8,,,,,0,0,13528248,11236636,847,560,1,15227,14919,20,1,15227,12,
new,100,none,1,initial_load,29,2026-10-03T10:00:21.275Z,ok,0,,573.7,573.7,573.7,76,776,15,2,11525296,9657664,786,535,1,15384,15075,20,9,858981,12,
new,100,none,1,scroll_pages,29,2026-10-03T10:00:23.912Z,ok,0,,938.3,,,,,0,0,17048392,11012144,1239,822,3,45665,44741,60,3,45665,21,63
new,100,none,1,scroll_all,29,2026-10-03T10:00:26.730Z,ok,0,,768.7,,,,,0,0,16320044,10920876,937,630,4,56294,55075,74,4,56294,15,94
new,100,none,1,filter_change,29,2026-10-03T10:00:28.553Z,ok,0,rows 12->12,76.6,,,,,0,0,14741876,11429540,899,617,1,15264,14956,20,1,15264,12,
new,100,none,1,sort_change,29,2026-10-03T10:00:30.352Z,ok,0,rows 12->12,76.6,,,,,0,0,13573416,11223704,847,560,1,15227,14919,20,1,15227,12,
new,100,none,1,initial_load,30,2026-10-03T10:00:32.496Z,ok,0,,571.8,571.8,571.8,64,480,14,2,11502092,9663816,786,535,1,15384,15075,20,9,858981,12,
new,100,none,1,scroll_pages,30,2026-10-03T10:00:35.124Z,ok,0,,923.4,,,,,0,0,16730668,10930680,1185,788,3,45665,44741,60,3,45665,20,60
new,100,none,1,scroll_all,30,2026-10-03T10:00:37.895Z,ok,0,,780.2,,,,,0,0,14930348,10911452,937,630,4,56294,55075,74,4,56294,15,94
new,100,none,1,filter_change,30,2026-10-03T10:00:39.687Z,ok,0,rows 12->12,79.7,,,,,0,0,14045816,11427688,899,617,1,15264,14956,20,1,15264,12,
new,100,none,1,sort_change,30,2026-10-03T10:00:41.503Z,ok,0,rows 12->12,82.4,,,,,0,0,13597280,11234232,847,560,1,15227,14919,20,1,15227,12,
new,1000,none,1,initial_load,1,2026-10-03T10:01:52.532Z,ok,0,,573.1,573.1,573.1,80,724,18,2,11541696,9703656,801,544,1,15289,14981,20,9,859292,12,
new,1000,none,1,scroll_pages,1,2026-10-03T10:01:55.156Z,ok,0,,913.9,,,,,0,0,16069780,10916572,1185,788,3,45938,45012,60,3,45938,20,60
new,1000,none,1,scroll_all,1,2026-10-03T10:02:06.103Z,ok,0,,8932.5,,,,,0,0,38889600,12801388,942,633,45,684586,670723,896,45,684586,15,916
new,1000,none,1,filter_change,1,2026-10-03T10:02:07.967Z,ok,0,rows 12->12,77.9,,,,,0,0,14584444,11419572,904,620,1,15213,14905,20,1,15213,12,
new,1000,none,1,sort_change,1,2026-10-03T10:02:09.769Z,ok,0,rows 12->12,83,,,,,0,0,13758672,11254476,862,569,1,15201,14893,20,1,15201,12,
new,1000,none,1,initial_load,2,2026-10-03T10:02:11.919Z,ok,0,,575,575,575,76,440,15,2,11564316,9699412,801,544,1,15289,14981,20,9,859292,12,
new,1000,none,1,scroll_pages,2,2026-10-03T10:02:14.500Z,ok,0,,884.5,,,,,0,0,16063224,10928180,1185,788,3,45938,45012,60,3,45938,20,60
new,1000,none,1,scroll_all,2,2026-10-03T10:02:25.344Z,ok,0,,8788.1,,,,,0,0,13365920,12782084,942,633,45,684586,670723,896,45,684586,15,916
new,1000,none,1,filter_change,2,2026-10-03T10:02:27.212Z,ok,0,rows 12->12,78.1,,,,,0,0,14582556,11418452,904,620,1,15213,14905,20,1,15213,12,
new,1000,none,1,sort_change,2,2026-10-03T10:02:29.015Z,ok,0,rows 12->12,79.3,,,,,0,0,13753876,11251028,862,569,1,15201,14893,20,1,15201,12,
new,1000,none,1,initial_load,3,2026-10-03T10:02:31.170Z,ok,0,,581.6,581.6,581.6,76,480,25,2,11558864,9692284,801,544,1,15289,14981,20,9,859292,12,
new,1000,none,1,scroll_pages,3,2026-10-03T10:02:33.765Z,ok,0,,889.9,,,,,0,0,16084528,10916228,1185,788,3,45938,45012,60,3,45938,20,60
new,1000,none,1,scroll_all,3,2026-10-03T10:02:44.693Z,ok,0,,8923.3,,,,,0,0,25922252,12785384,942,633,45,684586,670723,896,45,684586,15,916
new,1000,none,1,filter_change,3,2026-10-03T10:02:46.542Z,ok,0,rows 12->12,82,,,,,0,0,14633904,11412980,904,620,1,15213,14905,20,1,15213,12,
new,1000,none,1,sort_change,3,2026-10-03T10:02:48.342Z,ok,0,rows 12->12,78.5,,,,,0,0,13735864,11262968,862,569,1,15201,14893,20,1,15201,12,
new,1000,none,1,initial_load,4,2026-10-03T10:02:50.488Z,ok,0,,575.9,575.9,575.9,64,456,21,2,11607104,9692360,801,544,1,15289,14981,20,9,859292,12,
new,1000,none,1,scroll_pages,4,2026-10-03T10:02:53.110Z,ok,0,,915,,,,,0,0,16044060,10923272,1185,788,3,45938,45012,60,3,45938,20,60
new,1000,none,1,scroll_all,4,2026-10-03T10:03:03.961Z,ok,0,,8874.2,,,,,0,0,15009476,12786072,942,633,45,684586,670723,896,45,684586,15,916
new,1000,none,1,filter_change,4,2026-10-03T10:03:05.844Z,ok,0,rows 12->12,79,,,,,0,0,14576064,11414584,904,620,1,15213,14905,20,1,15213,12,
new,1000,none,1,sort_change,4,2026-10-03T10:03:07.660Z,ok,0,rows 12->12,79.6,,,,,0,0,13763888,11257360,862,569,1,15201,14893,20,1,15201,12,
new,1000,none,1,initial_load,5,2026-10-03T10:03:09.798Z,ok,0,,567.4,567.4,567.4,76,748,16,2,11546084,9693148,801,544,1,15289,14981,20,9,859292,12,
new,1000,none,1,scroll_pages,5,2026-10-03T10:03:12.379Z,ok,0,,887.3,,,,,0,0,16035656,10923700,1185,788,3,45938,45012,60,3,45938,20,60
new,1000,none,1,scroll_all,5,2026-10-03T10:03:23.204Z,ok,0,,8710.5,,,,,0,0,20732376,12771532,942,633,45,684586,670723,896,45,684586,15,916
new,1000,none,1,filter_change,5,2026-10-03T10:03:25.026Z,ok,0,rows 12->12,77.3,,,,,0,0,14592820,11407780,904,620,1,15213,14905,20,1,15213,12,
new,1000,none,1,sort_change,5,2026-10-03T10:03:26.823Z,ok,0,rows 12->12,79.1,,,,,0,0,13759500,11254176,862,569,1,15201,14893,20,1,15201,12,
new,1000,none,1,initial_load,6,2026-10-03T10:03:28.974Z,ok,0,,572.4,572.4,572.4,64,452,17,2,11564880,9697424,801,544,1,15289,14981,20,9,859292,12,
new,1000,none,1,scroll_pages,6,2026-10-03T10:03:31.644Z,ok,0,,972.3,,,,,0,0,16023080,10938476,1185,788,3,45938,45012,60,3,45938,20,60
new,1000,none,1,scroll_all,6,2026-10-03T10:03:42.574Z,ok,0,,8924.8,,,,,0,0,30259480,12790720,942,633,45,684586,670723,896,45,684586,15,916
new,1000,none,1,filter_change,6,2026-10-03T10:03:44.389Z,ok,0,rows 12->12,76,,,,,0,0,14634152,11409096,904,620,1,15213,14905,20,1,15213,12,
new,1000,none,1,sort_change,6,2026-10-03T10:03:46.188Z,ok,0,rows 12->12,81.1,,,,,0,0,13740624,11252292,862,569,1,15201,14893,20,1,15201,12,
new,1000,none,1,initial_load,7,2026-10-03T10:03:48.328Z,ok,0,,568,568,568,64,468,12,2,11522068,9703868,801,544,1,15289,14981,20,9,859292,12,
new,1000,none,1,scroll_pages,7,2026-10-03T10:03:50.923Z,ok,0,,897.3,,,,,0,0,16085300,10922728,1185,788,3,45938,45012,60,3,45938,20,60
new,1000,none,1,scroll_all,7,2026-10-03T10:04:01.809Z,ok,0,,8883.9,,,,,0,0,34608840,12781264,942,633,45,684586,670723,896,45,684586,15,916
new,1000,none,1,filter_change,7,2026-10-03T10:04:03.658Z,ok,0,rows 12->12,81,,,,,0,0,14617640,11409340,904,620,1,15213,14905,20,1,15213,12,
new,1000,none,1,sort_change,7,2026-10-03T10:04:05.453Z,ok,0,rows 12->12,78.9,,,,,0,0,13801296,11256664,862,569,1,15201,14893,20,1,15201,12,
new,1000,none,1,initial_load,8,2026-10-03T10:04:07.608Z,ok,0,,582.5,582.5,582.5,64,720,23,2,11527408,9693220,801,544,1,15289,14981,20,9,859292,12,
new,1000,none,1,scroll_pages,8,2026-10-03T10:04:10.241Z,ok,0,,919.6,,,,,0,0,16035280,10931164,1185,788,3,45938,45012,60,3,45938,20,60
new,1000,none,1,scroll_all,8,2026-10-03T10:04:21.616Z,ok,0,,9309.1,,,,,0,0,23765536,12781812,942,633,45,684586,670723,896,45,684586,15,916
new,1000,none,1,filter_change,8,2026-10-03T10:04:23.480Z,ok,0,rows 12->12,79.5,,,,,0,0,14578396,11417960,904,620,1,15213,14905,20,1,15213,12,
new,1000,none,1,sort_change,8,2026-10-03T10:04:25.287Z,ok,0,rows 12->12,79.3,,,,,0,0,13713776,11254012,862,569,1,15201,14893,20,1,15201,12,
new,1000,none,1,initial_load,9,2026-10-03T10:04:27.437Z,ok,0,,577.8,577.8,577.8,80,452,20,2,11561656,9703412,801,544,1,15289,14981,20,9,859292,12,
new,1000,none,1,scroll_pages,9,2026-10-03T10:04:30.101Z,ok,0,,949.6,,,,,0,0,16080196,10915524,1185,788,3,45938,45012,60,3,45938,20,60
new,1000,none,1,scroll_all,9,2026-10-03T10:04:41.901Z,ok,0,,9805.6,,,,,0,0,30362856,12781608,942,633,45,684586,670723,896,45,684586,15,916
new,1000,none,1,filter_change,9,2026-10-03T10:04:43.774Z,ok,0,rows 12->12,79.8,,,,,0,0,14590648,11409960,904,620,1,15213,14905,20,1,15213,12,
new,1000,none,1,sort_change,9,2026-10-03T10:04:45.580Z,ok,0,rows 12->12,76.8,,,,,0,0,13728528,11252348,862,569,1,15201,14893,20,1,15201,12,
new,1000,none,1,initial_load,10,2026-10-03T10:04:47.730Z,ok,0,,576.7,576.7,576.7,68,464,13,2,11576056,9709812,801,544,1,15289,14981,20,9,859292,12,
new,1000,none,1,scroll_pages,10,2026-10-03T10:04:50.357Z,ok,0,,921.8,,,,,0,0,16065716,10934896,1185,788,3,45938,45012,60,3,45938,20,60
new,1000,none,1,scroll_all,10,2026-10-03T10:05:01.210Z,ok,0,,8831.5,,,,,0,0,17800176,12775060,942,633,45,684586,670723,896,45,684586,15,916
new,1000,none,1,filter_change,10,2026-10-03T10:05:03.063Z,ok,0,rows 12->12,80.7,,,,,0,0,14574760,11410012,904,620,1,15213,14905,20,1,15213,12,
new,1000,none,1,sort_change,10,2026-10-03T10:05:04.848Z,ok,0,rows 12->12,80.4,,,,,0,0,13832216,11261660,862,569,1,15201,14893,20,1,15201,12,
new,1000,none,1,initial_load,11,2026-10-03T10:05:06.992Z,ok,0,,573.1,573.1,573.1,64,528,17,2,11561700,9703372,801,544,1,15289,14981,20,9,859292,12,
new,1000,none,1,scroll_pages,11,2026-10-03T10:05:09.601Z,ok,0,,907.8,,,,,0,0,16083364,10915664,1185,788,3,45938,45012,60,3,45938,20,60
new,1000,none,1,scroll_all,11,2026-10-03T10:05:20.748Z,ok,0,,9137.6,,,,,0,0,30323720,12782084,942,633,45,684586,670723,896,45,684586,15,916
new,1000,none,1,filter_change,11,2026-10-03T10:05:22.617Z,ok,0,rows 12->12,78.5,,,,,0,0,14598448,11408984,904,620,1,15213,14905,20,1,15213,12,
new,1000,none,1,sort_change,11,2026-10-03T10:05:24.430Z,ok,0,rows 12->12,82.6,,,,,0,0,13758108,11250428,862,569,1,15201,14893,20,1,15201,12,
new,1000,none,1,initial_load,12,2026-10-03T10:05:26.593Z,ok,0,,591.4,591.4,591.4,80,520,31,2,11534740,9692544,801,544,1,15289,14981,20,9,859292,12,
new,1000,none,1,scroll_pages,12,2026-10-03T10:05:29.246Z,ok,0,,959,,,,,0,0,16003692,10932268,1185,788,3,45938,45012,60,3,45938,20,60
new,1000,none,1,scroll_all,12,2026-10-03T10:05:41.372Z,ok,0,,10145.1,,,,,3,1,17251876,12781828,942,633,45,684586,670723,896,45,684586,15,916
new,1000,none,1,filter_change,12,2026-10-03T10:05:43.309Z,ok,0,rows 12->12,83.6,,,,,0,0,14573712,11407112,904,620,1,15213,14905,20,1,15213,12,
new,1000,none,1,sort_change,12,2026-10-03T10:05:45.224Z,ok,0,rows 12->12,90.3,,,,,0,0,13735084,11253972,862,569,1,15201,14893,20,1,15201,12,
new,1000,none,1,initial_load,13,2026-10-03T10:05:47.433Z,ok,0,,625,625,625,88,576,52,3,11573936,9692836,801,544,1,15289,14981,20,9,859292,12,
new,1000,none,1,scroll_pages,13,2026-10-03T10:05:50.180Z,ok,0,,1000.9,,,,,0,0,17100724,11019096,1234,819,3,45938,45012,60,3,45938,21,64
new,1000,none,1,scroll_all,13,2026-10-03T10:06:02.226Z,ok,0,,9942.6,,,,,0,0,27965176,12777156,942,633,45,684586,670723,896,45,684586,15,916
new,1000,none,1,filter_change,13,2026-10-03T10:06:04.101Z,ok,0,rows 12->12,83.2,,,,,0,0,14582212,11413328,904,620,1,15213,14905,20,1,15213,12,
new,1000,none,1,sort_change,13,2026-10-03T10:06:05.955Z,ok,0,rows 12->12,83.4,,,,,0,0,13742736,11256492,862,569,1,15201,14893,20,1,15201,12,
new,1000,none,1,initial_load,14,2026-10-03T10:06:08.120Z,ok,0,,589.4,589.4,589.4,68,500,17,2,11547136,9693128,801,544,1,15289,14981,20,9,859292,12,
new,1000,none,1,scroll_pages,14,2026-10-03T10:06:10.801Z,ok,0,,974.6,,,,,0,0,16093588,10923688,1185,788,3,45938,45012,60,3,45938,20,60
new,1000,none,1,scroll_all,14,2026-10-03T10:06:22.295Z,ok,0,,9385.8,,,,,0,0,21259588,12779216,942,633,45,684586,670723,896,45,684586,15,916
new,1000,none,1,filter_change,14,2026-10-03T10:06:24.148Z,ok,0,rows 12->12,78.9,,,,,0,0,14579912,11410016,904,620,1,15213,14905,20,1,15213,12,
new,1000,none,1,sort_change,14,2026-10-03T10:06:25.959Z,ok,0,rows 12->12,78,,,,,0,0,13755672,11251068,862,569,1,15201,14893,20,1,15201,12,
new,1000,none,1,initial_load,15,2026-10-03T10:06:28.126Z,ok,0,,591.2,591.2,591.2,80,816,26,2,11589244,9709920,801,544,1,15289,14981,20,9,859292,12,
new,1000,none,1,scroll_pages,15,2026-10-03T10:06:30.767Z,ok,0,,942.5,,,,,0,0,16043800,10916952,1185,788,3,45938,45012,60,3,45938,20,60
new,1000,none,1,scroll_all,15,2026-10-03T10:06:42.006Z,ok,0,,9141.9,,,,,0,0,15567644,12793988,942,633,45,684586,670723,896,45,684586,15,916
new,1000,none,1,filter_change,15,2026-10-03T10:06:43.880Z,ok,0,rows 12->12,83.4,,,,,0,0,14573656,11412108,904,620,1,15213,14905,20,1,15213,12,
new,1000,none,1,sort_change,15,2026-10-03T10:06:45.715Z,ok,0,rows 12->12,83.5,,,,,0,0,13752196,11250376,862,569,1,15201,14893,20,1,15201,12,
new,1000,none,1,initial_load,16,2026-10-03T10:06:47.874Z,ok,0,,587.1,587.1,587.1,80,484,17,2,11519300,9699284,801,544,1,15289,14981,20,9,859292,12,
new,1000,none,1,scroll_pages,16,2026-10-03T10:06:50.483Z,ok,0,,908.4,,,,,0,0,16035400,10923152,1185,788,3,45938,45012,60,3,45938,20,60
new,1000,none,1,scroll_all,16,2026-10-03T10:07:02.016Z,ok,0,,9514.4,,,,,0,0,21517776,12788428,942,633,45,684586,670723,896,45,684586,15,916
new,1000,none,1,filter_change,16,2026-10-03T10:07:03.879Z,ok,0,rows 12->12,80.9,,,,,0,0,14588060,11408396,904,620,1,15213,14905,20,1,15213,12,
new,1000,none,1,sort_change,16,2026-10-03T10:07:05.720Z,ok,0,rows 12->12,83.1,,,,,0,0,13745004,11252324,862,569,1,15201,14893,20,1,15201,12,
new,1000,none,1,initial_load,17,2026-10-03T10:07:07.881Z,ok,0,,585.2,585.2,585.2,64,492,24,2,11606640,9703360,801,544,1,15289,14981,20,9,859292,12,
new,1000,none,1,scroll_pages,17,2026-10-03T10:07:10.453Z,ok,0,,822.4,,,,,0,0,16113840,10915436,1185,788,3,45938,45012,60,3,45938,20,60
new,1000,none,1,scroll_all,17,2026-10-03T10:07:21.924Z,ok,0,,9443.9,,,,,0,0,17306312,12776108,942,633,45,684586,670723,896,45,684586,15,916
new,1000,none,1,filter_change,17,2026-10-03T10:07:23.789Z,ok,0,rows 12->12,78.3,,,,,0,0,14610912,11412728,904,620,1,15213,14905,20,1,15213,12,
new,1000,none,1,sort_change,17,2026-10-03T10:07:25.603Z,ok,0,rows 12->12,78.5,,,,,0,0,13796336,11251004,862,569,1,15201,14893,20,1,15201,12,
new,1000,none,1,initial_load,18,2026-10-03T10:07:27.751Z,ok,0,,579,579,579,64,772,19,2,11572036,9703288,801,544,1,15289,14981,20,9,859292,12,
new,1000,none,1,scroll_pages,18,2026-10-03T10:07:30.407Z,ok,0,,948.6,,,,,0,0,16079700,10938784,1185,788,3,45938,45012,60,3,45938,20,60
new,1000,none,1,scroll_all,18,2026-10-03T10:07:41.501Z,ok,0,,9033.2,,,,,0,0,19326548,12786828,942,633,45,684586,670723,896,45,684586,15,916
new,1000,none,1,filter_change,18,2026-10-03T10:07:43.370Z,ok,0,rows 12->12,80.2,,,,,0,0,14639492,11413056,904,620,1,15213,14905,20,1,15213,12,
new,1000,none,1,sort_change,18,2026-10-03T10:07:45.229Z,ok,0,rows 12->12,84.2,,,,,0,0,13740736,11250924,862,569,1,15201,14893,20,1,15201,12,
new,1000,none,1,initial_load,19,2026-10-03T10:07:47.393Z,ok,0,,590.9,590.9,590.9,72,464,23,2,11551560,9703452,801,544,1,15289,14981,20,9,859292,12,
new,1000,none,1,scroll_pages,19,2026-10-03T10:07:50.005Z,ok,0,,907.4,,,,,0,0,16167220,10923708,1185,788,3,45938,45012,60,3,45938,20,60
new,1000,none,1,scroll_all,19,2026-10-03T10:08:01.045Z,ok,0,,9039.7,,,,,0,0,23726324,12790408,942,633,45,684586,670723,896,45,684586,15,916
new,1000,none,1,filter_change,19,2026-10-03T10:08:02.912Z,ok,0,rows 12->12,80.3,,,,,0,0,14644532,11406772,904,620,1,15213,14905,20,1,15213,12,
new,1000,none,1,sort_change,19,2026-10-03T10:08:04.750Z,ok,0,rows 12->12,82.9,,,,,0,0,13703500,11252476,862,569,1,15201,14893,20,1,15201,12,
new,1000,none,1,initial_load,20,2026-10-03T10:08:06.906Z,ok,0,,582.9,582.9,582.9,64,432,23,2,11570684,9703204,801,544,1,15289,14981,20,9,859292,12,
new,1000,none,1,scroll_pages,20,2026-10-03T10:08:09.498Z,ok,0,,883.6,,,,,0,0,16124884,10922292,1185,788,3,45938,45012,60,3,45938,20,60
new,1000,none,1,scroll_all,20,2026-10-03T10:08:20.686Z,ok,0,,9202.7,,,,,0,0,17309120,12793336,942,633,45,684586,670723,896,45,684586,15,916
new,1000,none,1,filter_change,20,2026-10-03T10:08:22.555Z,ok,0,rows 12->12,79.2,,,,,0,0,14630456,11407932,904,620,1,15213,14905,20,1,15213,12,
new,1000,none,1,sort_change,20,2026-10-03T10:08:24.394Z,ok,0,rows 12->12,80.7,,,,,0,0,13771748,11252264,862,569,1,15201,14893,20,1,15201,12,
new,1000,none,1,initial_load,21,2026-10-03T10:08:26.539Z,ok,0,,576.3,576.3,576.3,64,456,14,2,11579696,9692832,801,544,1,15289,14981,20,9,859292,12,
new,1000,none,1,scroll_pages,21,2026-10-03T10:08:29.185Z,ok,0,,939,,,,,0,0,16038200,10930968,1185,788,3,45938,45012,60,3,45938,20,60
new,1000,none,1,scroll_all,21,2026-10-03T10:08:40.158Z,ok,0,,8989,,,,,0,0,25918692,12780268,942,633,45,684586,670723,896,45,684586,15,916
new,1000,none,1,filter_change,21,2026-10-03T10:08:42.015Z,ok,0,rows 12->12,81.7,,,,,0,0,14603812,11409644,904,620,1,15213,14905,20,1,15213,12,
new,1000,none,1,sort_change,21,2026-10-03T10:08:43.827Z,ok,0,rows 12->12,78.5,,,,,0,0,13746648,11250972,862,569,1,15201,14893,20,1,15201,12,
new,1000,none,1,initial_load,22,2026-10-03T10:08:45.998Z,ok,0,,595,595,595,72,452,28,2,11546384,9693188,801,544,1,15289,14981,20,9,859292,12,
new,1000,none,1,scroll_pages,22,2026-10-03T10:08:48.602Z,ok,0,,903.1,,,,,0,0,16090488,10929948,1185,788,3,45938,45012,60,3,45938,20,60
new,1000,none,1,scroll_all,22,2026-10-03T10:08:59.310Z,ok,0,,8707.2,,,,,0,0,30533812,12765944,942,633,45,684586,670723,896,45,684586,15,916
new,1000,none,1,filter_change,22,2026-10-03T10:09:01.185Z,ok,0,rows 12->12,78.2,,,,,0,0,14608160,11414700,904,620,1,15213,14905,20,1,15213,12,
new,1000,none,1,sort_change,22,2026-10-03T10:09:03.012Z,ok,0,rows 12->12,81.5,,,,,0,0,13769048,11256740,862,569,1,15201,14893,20,1,15201,12,
new,1000,none,1,initial_load,23,2026-10-03T10:09:05.155Z,ok,0,,575,575,575,68,492,16,2,11585308,9703208,801,544,1,15289,14981,20,9,859292,12,
new,1000,none,1,scroll_pages,23,2026-10-03T10:09:07.783Z,ok,0,,930.6,,,,,0,0,16088224,10944060,1185,788,3,45938,45012,60,3,45938,20,60
new,1000,none,1,scroll_all,23,2026-10-03T10:09:18.617Z,ok,0,,8781.5,,,,,0,0,22304600,12769536,942,633,45,684586,670723,896,45,684586,15,916
new,1000,none,1,filter_change,23,2026-10-03T10:09:20.489Z,ok,0,rows 12->12,80.2,,,,,0,0,14614424,11407344,904,620,1,15213,14905,20,1,15213,12,
new,1000,none,1,sort_change,23,2026-10-03T10:09:22.295Z,ok,0,rows 12->12,78,,,,,0,0,13772792,11250776,862,569,1,15201,14893,20,1,15201,12,
new,1000,none,1,initial_load,24,2026-10-03T10:09:24.443Z,ok,0,,577.3,577.3,577.3,64,504,20,2,11591200,9703316,801,544,1,15289,14981,20,9,859292,12,
new,1000,none,1,scroll_pages,24,2026-10-03T10:09:27.102Z,ok,0,,947.3,,,,,0,0,16039116,10915932,1185,788,3,45938,45012,60,3,45938,20,60
new,1000,none,1,scroll_all,24,2026-10-03T10:09:37.941Z,ok,0,,8855.6,,,,,0,0,13086780,12789240,942,633,45,684586,670723,896,45,684586,15,916
new,1000,none,1,filter_change,24,2026-10-03T10:09:39.758Z,ok,0,rows 12->12,75.6,,,,,0,0,14630220,11408980,904,620,1,15213,14905,20,1,15213,12,
new,1000,none,1,sort_change,24,2026-10-03T10:09:41.580Z,ok,0,rows 12->12,82.4,,,,,0,0,13751172,11260452,862,569,1,15201,14893,20,1,15201,12,
new,1000,none,1,initial_load,25,2026-10-03T10:09:43.735Z,ok,0,,587.2,587.2,587.2,80,456,23,2,11575460,9703492,801,544,1,15289,14981,20,9,859292,12,
new,1000,none,1,scroll_pages,25,2026-10-03T10:09:46.350Z,ok,0,,900.9,,,,,0,0,16053720,10915760,1185,788,3,45938,45012,60,3,45938,20,60
new,1000,none,1,scroll_all,25,2026-10-03T10:09:57.218Z,ok,0,,8875.6,,,,,0,0,21583816,12785284,942,633,45,684586,670723,896,45,684586,15,916
new,1000,none,1,filter_change,25,2026-10-03T10:09:59.057Z,ok,0,rows 12->12,79.2,,,,,0,0,14610912,11410176,904,620,1,15213,14905,20,1,15213,12,
new,1000,none,1,sort_change,25,2026-10-03T10:10:00.878Z,ok,0,rows 12->12,81.6,,,,,0,0,13716112,11254040,862,569,1,15201,14893,20,1,15201,12,
new,1000,none,1,initial_load,26,2026-10-03T10:10:03.030Z,ok,0,,580.6,580.6,580.6,80,460,19,2,11540044,9703456,801,544,1,15289,14981,20,9,859292,12,
new,1000,none,1,scroll_pages,26,2026-10-03T10:10:05.591Z,ok,0,,852.7,,,,,0,0,16099220,10916776,1185,788,3,45938,45012,60,3,45938,20,60
new,1000,none,1,scroll_all,26,2026-10-03T10:10:16.464Z,ok,0,,8859,,,,,0,0,38871680,12790600,942,633,45,684586,670723,896,45,684586,15,916
new,1000,none,1,filter_change,26,2026-10-03T10:10:18.306Z,ok,0,rows 12->12,78.3,,,,,0,0,14605824,11412924,904,620,1,15213,14905,20,1,15213,12,
new,1000,none,1,sort_change,26,2026-10-03T10:10:20.108Z,ok,0,rows 12->12,84.3,,,,,0,0,13765104,11256864,862,569,1,15201,14893,20,1,15201,12,
new,1000,none,1,initial_load,27,2026-10-03T10:10:22.249Z,ok,0,,569.3,569.3,569.3,68,756,10,2,11605628,9703916,801,544,1,15289,14981,20,9,859292,12,
new,1000,none,1,scroll_pages,27,2026-10-03T10:10:24.857Z,ok,0,,903.3,,,,,0,0,16114548,10924336,1185,788,3,45938,45012,60,3,45938,20,60
new,1000,none,1,scroll_all,27,2026-10-03T10:10:35.706Z,ok,0,,8851,,,,,0,0,30266496,12778060,942,633,45,684586,670723,896,45,684586,15,916
new,1000,none,1,filter_change,27,2026-10-03T10:10:37.576Z,ok,0,rows 12->12,79.7,,,,,0,0,14571240,11410844,904,620,1,15213,14905,20,1,15213,12,
new,1000,none,1,sort_change,27,2026-10-03T10:10:39.368Z,ok,0,rows 12->12,77.3,,,,,0,0,13731776,11260268,862,569,1,15201,14893,20,1,15201,12,
new,1000,none,1,initial_load,28,2026-10-03T10:10:41.522Z,ok,0,,579.3,579.3,579.3,64,488,19,2,11575080,9703648,801,544,1,15289,14981,20,9,859292,12,
new,1000,none,1,scroll_pages,28,2026-10-03T10:10:44.110Z,ok,0,,884,,,,,0,0,16055628,10916372,1185,788,3,45938,45012,60,3,45938,20,60
new,1000,none,1,scroll_all,28,2026-10-03T10:10:54.966Z,ok,0,,8864,,,,,0,0,28492384,12778476,942,633,45,684586,670723,896,45,684586,15,916
new,1000,none,1,filter_change,28,2026-10-03T10:10:56.858Z,ok,0,rows 12->12,78,,,,,0,0,14619112,11407760,904,620,1,15213,14905,20,1,15213,12,
new,1000,none,1,sort_change,28,2026-10-03T10:10:58.670Z,ok,0,rows 12->12,77.6,,,,,0,0,13716628,11262912,862,569,1,15201,14893,20,1,15201,12,
new,1000,none,1,initial_load,29,2026-10-03T10:11:00.818Z,ok,0,,573.9,573.9,573.9,80,448,22,2,11551984,9703384,801,544,1,15289,14981,20,9,859291,12,
new,1000,none,1,scroll_pages,29,2026-10-03T10:11:03.424Z,ok,0,,897.6,,,,,0,0,16085172,10915612,1185,788,3,45938,45012,60,3,45938,20,60
new,1000,none,1,scroll_all,29,2026-10-03T10:11:14.292Z,ok,0,,8867.6,,,,,0,0,17321596,12788944,942,633,45,684586,670723,896,45,684586,15,916
new,1000,none,1,filter_change,29,2026-10-03T10:11:16.154Z,ok,0,rows 12->12,79.7,,,,,0,0,14610788,11408528,904,620,1,15213,14905,20,1,15213,12,
new,1000,none,1,sort_change,29,2026-10-03T10:11:17.976Z,ok,0,rows 12->12,84.5,,,,,0,0,13823976,11255436,862,569,1,15201,14893,20,1,15201,12,
new,1000,none,1,initial_load,30,2026-10-03T10:11:20.125Z,ok,0,,574.6,574.6,574.6,64,732,18,2,11559668,9692704,801,544,1,15289,14981,20,9,859291,12,
new,1000,none,1,scroll_pages,30,2026-10-03T10:11:22.702Z,ok,0,,874.1,,,,,0,0,16062780,10923408,1185,788,3,45938,45012,60,3,45938,20,60
new,1000,none,1,scroll_all,30,2026-10-03T10:11:33.785Z,ok,0,,9112.7,,,,,0,0,15293812,12774048,942,633,45,684586,670723,896,45,684586,15,916
new,1000,none,1,filter_change,30,2026-10-03T10:11:35.650Z,ok,0,rows 12->12,83.4,,,,,0,0,14573144,11408196,904,620,1,15213,14905,20,1,15213,12,
new,1000,none,1,sort_change,30,2026-10-03T10:11:37.461Z,ok,0,rows 12->12,86.9,,,,,0,0,13785740,11267372,862,569,1,15201,14893,20,1,15201,12,
new,3000,none,1,initial_load,1,2026-10-03T10:13:55.705Z,ok,0,,567.7,567.7,567.7,68,732,15,2,11569444,9678376,791,538,1,15366,15057,20,9,859369,12,
new,3000,none,1,scroll_pages,1,2026-10-03T10:13:58.291Z,ok,0,,885.4,,,,,0,0,16896328,10975676,1190,791,3,45920,44994,60,3,45920,20,60
new,3000,none,1,scroll_all,1,2026-10-03T10:14:26.950Z,ok,0,,26639,,,,,0,0,21045988,15312820,937,630,137,2092459,2050215,2734,137,2092459,15,2754
new,3000,none,1,filter_change,1,2026-10-03T10:14:28.819Z,ok,0,rows 12->12,78.6,,,,,0,0,14550380,11410576,904,620,1,15290,14982,20,1,15290,12,
new,3000,none,1,sort_change,1,2026-10-03T10:14:30.651Z,ok,0,rows 12->12,84.2,,,,,0,0,13726124,11237428,847,560,1,15241,14933,20,1,15241,12,
new,3000,none,1,initial_load,2,2026-10-03T10:14:32.806Z,ok,0,,584.3,584.3,584.3,64,464,25,2,11569020,9678044,791,538,1,15366,15057,20,9,859369,12,
new,3000,none,1,scroll_pages,2,2026-10-03T10:14:35.405Z,ok,0,,896.6,,,,,0,0,16900120,10965400,1190,791,3,45920,44994,60,3,45920,20,60
new,3000,none,1,scroll_all,2,2026-10-03T10:15:04.094Z,ok,0,,26575.6,,,,,0,0,25895640,15304504,937,630,137,2092459,2050215,2734,137,2092459,15,2754
new,3000,none,1,filter_change,2,2026-10-03T10:15:05.917Z,ok,0,rows 12->12,77.6,,,,,0,0,14608328,11414060,904,620,1,15290,14982,20,1,15290,12,
new,3000,none,1,sort_change,2,2026-10-03T10:15:07.768Z,ok,0,rows 12->12,85,,,,,0,0,13702488,11230924,847,560,1,15241,14933,20,1,15241,12,
new,3000,none,1,initial_load,3,2026-10-03T10:15:09.903Z,ok,0,,564.4,564.4,564.4,76,708,14,2,11557304,9684972,791,538,1,15366,15057,20,9,859369,12,
new,3000,none,1,scroll_pages,3,2026-10-03T10:15:12.480Z,ok,0,,877.2,,,,,0,0,16853116,10965392,1190,791,3,45920,44994,60,3,45920,20,60
new,3000,none,1,scroll_all,3,2026-10-03T10:15:41.605Z,ok,0,,27098.1,,,,,0,0,39445756,15291936,937,630,137,2092459,2050215,2734,137,2092459,15,2754
new,3000,none,1,filter_change,3,2026-10-03T10:15:43.463Z,ok,0,rows 12->12,77.1,,,,,0,0,14650228,11410560,904,620,1,15290,14982,20,1,15290,12,
new,3000,none,1,sort_change,3,2026-10-03T10:15:45.293Z,ok,0,rows 12->12,83.1,,,,,0,0,13741264,11237552,847,560,1,15241,14933,20,1,15241,12,
new,3000,none,1,initial_load,4,2026-10-03T10:15:47.429Z,ok,0,,566.1,566.1,566.1,64,452,8,2,11586188,9678292,791,538,1,15366,15057,20,9,859369,12,
new,3000,none,1,scroll_pages,4,2026-10-03T10:15:49.999Z,ok,0,,857.3,,,,,0,0,16875684,10974628,1190,791,3,45920,44994,60,3,45920,20,60
new,3000,none,1,scroll_all,4,2026-10-03T10:16:18.951Z,ok,0,,26928,,,,,0,0,42520100,15279272,937,630,137,2092459,2050215,2734,137,2092459,15,2754
new,3000,none,1,filter_change,4,2026-10-03T10:16:20.815Z,ok,0,rows 12->12,78.7,,,,,0,0,14595488,11410000,904,620,1,15290,14982,20,1,15290,12,
new,3000,none,1,sort_change,4,2026-10-03T10:16:22.639Z,ok,0,rows 12->12,83.9,,,,,0,0,13680292,11243560,847,560,1,15241,14933,20,1,15241,12,
new,3000,none,1,initial_load,5,2026-10-03T10:16:24.782Z,ok,0,,572.9,572.9,572.9,64,764,13,2,11539792,9684680,791,538,1,15366,15057,20,9,859369,12,
new,3000,none,1,scroll_pages,5,2026-10-03T10:16:27.416Z,ok,0,,934.9,,,,,0,0,17824468,11001440,1195,794,3,45920,44994,60,3,45920,20,63
new,3000,none,1,scroll_all,5,2026-10-03T10:16:56.770Z,ok,0,,27334.5,,,,,0,0,23190644,15301572,937,630,137,2092459,2050215,2734,137,2092459,15,2754
new,3000,none,1,filter_change,5,2026-10-03T10:16:58.625Z,ok,0,rows 12->12,80.2,,,,,0,0,13817720,11405560,904,620,1,15290,14982,20,1,15290,12,
new,3000,none,1,sort_change,5,2026-10-03T10:17:00.452Z,ok,0,rows 12->12,81.1,,,,,0,0,13745700,11239060,847,560,1,15241,14933,20,1,15241,12,
new,3000,none,1,initial_load,6,2026-10-03T10:17:02.593Z,ok,0,,569.7,569.7,569.7,64,460,14,2,11563336,9677388,791,538,1,15366,15057,20,9,859369,12,
new,3000,none,1,scroll_pages,6,2026-10-03T10:17:05.190Z,ok,0,,906.6,,,,,0,0,16893984,10972384,1190,791,3,45920,44994,60,3,45920,20,60
new,3000,none,1,scroll_all,6,2026-10-03T10:17:34.497Z,ok,0,,27227.6,,,,,0,0,33568832,15304700,937,630,137,2092459,2050215,2734,137,2092459,15,2754
new,3000,none,1,filter_change,6,2026-10-03T10:17:36.350Z,ok,0,rows 12->12,77.6,,,,,0,0,14584088,11410808,904,620,1,15290,14982,20,1,15290,12,
new,3000,none,1,sort_change,6,2026-10-03T10:17:38.185Z,ok,0,rows 12->12,82.2,,,,,0,0,13726096,11237292,847,560,1,15241,14933,20,1,15241,12,
new,3000,none,1,initial_load,7,2026-10-03T10:17:40.331Z,ok,0,,574.7,574.7,574.7,64,476,18,2,11561136,9689608,791,538,1,15366,15057,20,9,859369,12,
new,3000,none,1,scroll_pages,7,2026-10-03T10:17:42.938Z,ok,0,,900,,,,,0,0,16901136,10972140,1190,791,3,45920,44994,60,3,45920,20,60
new,3000,none,1,scroll_all,7,2026-10-03T10:18:11.911Z,ok,0,,26960.7,,,,,0,0,42495308,15306676,937,630,137,2092459,2050215,2734,137,2092459,15,2754
new,3000,none,1,filter_change,7,2026-10-03T10:18:13.711Z,ok,0,rows 12->12,71,,,,,0,0,14606092,11412396,904,620,1,15290,14982,20,1,15290,12,
new,3000,none,1,sort_change,7,2026-10-03T10:18:15.529Z,ok,0,rows 12->12,83.4,,,,,0,0,13687164,11237500,847,560,1,15241,14933,20,1,15241,12,
new,3000,none,1,initial_load,8,2026-10-03T10:18:17.664Z,ok,0,,562.1,562.1,562.1,64,456,9,2,11541720,9678264,791,538,1,15366,15057,20,9,859369,12,
new,3000,none,1,scroll_pages,8,2026-10-03T10:18:20.257Z,ok,0,,899.4,,,,,0,0,16974448,10977628,1190,791,3,45920,44994,60,3,45920,20,60
new,3000,none,1,scroll_all,8,2026-10-03T10:18:49.521Z,ok,0,,27294,,,,,0,0,20574624,15305244,937,630,137,2092459,2050215,2734,137,2092459,15,2754
new,3000,none,1,filter_change,8,2026-10-03T10:18:51.325Z,ok,0,rows 12->12,73.6,,,,,0,0,14636196,11411580,904,620,1,15290,14982,20,1,15290,12,
new,3000,none,1,sort_change,8,2026-10-03T10:18:53.145Z,ok,0,rows 12->12,81.2,,,,,0,0,13690320,11231116,847,560,1,15241,14933,20,1,15241,12,
new,3000,none,1,initial_load,9,2026-10-03T10:18:55.290Z,ok,0,,575.6,575.6,575.6,64,496,22,2,11526752,9689464,791,538,1,15366,15057,20,9,859369,12,
new,3000,none,1,scroll_pages,9,2026-10-03T10:18:57.887Z,ok,0,,896.2,,,,,0,0,16869828,10959068,1190,791,3,45920,44994,60,3,45920,20,60
new,3000,none,1,scroll_all,9,2026-10-03T10:19:26.883Z,ok,0,,26991.3,,,,,0,0,37042120,15333068,937,630,137,2092459,2050215,2734,137,2092459,15,2754
new,3000,none,1,filter_change,9,2026-10-03T10:19:28.692Z,ok,0,rows 12->12,75.6,,,,,0,0,13808320,11411164,904,620,1,15290,14982,20,1,15290,12,
new,3000,none,1,sort_change,9,2026-10-03T10:19:30.506Z,ok,0,rows 12->12,81.5,,,,,0,0,13656272,11234404,847,560,1,15241,14933,20,1,15241,12,
new,3000,none,1,initial_load,10,2026-10-03T10:19:32.637Z,ok,0,,564.3,564.3,564.3,72,504,13,2,11585956,9678220,791,538,1,15366,15057,20,9,859369,12,
new,3000,none,1,scroll_pages,10,2026-10-03T10:19:35.192Z,ok,0,,868.7,,,,,0,0,16893628,10965508,1190,791,3,45920,44994,60,3,45920,20,60
new,3000,none,1,scroll_all,10,2026-10-03T10:20:04.500Z,ok,0,,27285.6,,,,,0,0,26135708,15298624,937,630,137,2092459,2050215,2734,137,2092459,15,2754
new,3000,none,1,filter_change,10,2026-10-03T10:20:06.303Z,ok,0,rows 12->12,73.3,,,,,0,0,14607048,11413696,904,620,1,15290,14982,20,1,15290,12,
new,3000,none,1,sort_change,10,2026-10-03T10:20:08.136Z,ok,0,rows 12->12,84,,,,,0,0,13724708,11231112,847,560,1,15241,14933,20,1,15241,12,
new,3000,none,1,initial_load,11,2026-10-03T10:20:10.290Z,ok,0,,585.1,585.1,585.1,80,760,19,2,11559976,9678220,791,538,1,15366,15057,20,9,859369,12,
new,3000,none,1,scroll_pages,11,2026-10-03T10:20:12.876Z,ok,0,,897.9,,,,,0,0,16929956,10972364,1190,791,3,45920,44994,60,3,45920,20,60
new,3000,none,1,scroll_all,11,2026-10-03T10:20:42.027Z,ok,0,,27181.9,,,,,0,0,17226564,15306760,937,630,137,2092459,2050215,2734,137,2092459,15,2754
new,3000,none,1,filter_change,11,2026-10-03T10:20:43.869Z,ok,0,rows 12->12,79.5,,,,,0,0,13799200,11410152,904,620,1,15290,14982,20,1,15290,12,
new,3000,none,1,sort_change,11,2026-10-03T10:20:45.682Z,ok,0,rows 12->12,81.5,,,,,0,0,13654520,11230820,847,560,1,15241,14933,20,1,15241,12,
new,3000,none,1,initial_load,12,2026-10-03T10:20:47.813Z,ok,0,,563,563,563,68,460,12,3,11519744,9677940,791,538,1,15366,15057,20,9,859369,12,
new,3000,none,1,scroll_pages,12,2026-10-03T10:20:50.388Z,ok,0,,888.5,,,,,0,0,16902400,10970864,1190,791,3,45920,44994,60,3,45920,20,60
new,3000,none,1,scroll_all,12,2026-10-03T10:21:19.346Z,ok,0,,26902.7,,,,,0,0,36549312,15296716,937,630,137,2092459,2050215,2734,137,2092459,15,2754
new,3000,none,1,filter_change,12,2026-10-03T10:21:21.135Z,ok,0,rows 12->12,74.1,,,,,0,0,14598876,11409656,904,620,1,15290,14982,20,1,15290,12,
new,3000,none,1,sort_change,12,2026-10-03T10:21:22.964Z,ok,0,rows 12->12,84.7,,,,,0,0,13685040,11232604,847,560,1,15241,14933,20,1,15241,12,
new,3000,none,1,initial_load,13,2026-10-03T10:21:25.098Z,ok,0,,566.4,566.4,566.4,64,720,14,2,11539096,9678256,791,538,1,15366,15057,20,9,859369,12,
new,3000,none,1,scroll_pages,13,2026-10-03T10:21:27.704Z,ok,0,,911,,,,,0,0,16948416,10976884,1190,791,3,45920,44994,60,3,45920,20,60
new,3000,none,1,scroll_all,13,2026-10-03T10:21:57.195Z,ok,0,,27471.7,,,,,0,0,41978112,15302824,937,630,137,2092459,2050215,2734,137,2092459,15,2754
new,3000,none,1,filter_change,13,2026-10-03T10:21:59.034Z,ok,0,rows 12->12,79.6,,,,,0,0,14624792,11416944,904,620,1,15290,14982,20,1,15290,12,
new,3000,none,1,sort_change,13,2026-10-03T10:22:00.866Z,ok,0,rows 12->12,80.7,,,,,0,0,13661700,11234380,847,560,1,15241,14933,20,1,15241,12,
new,3000,none,1,initial_load,14,2026-10-03T10:22:03.062Z,ok,0,,567.8,567.8,567.8,76,812,15,2,11564244,9696256,791,538,1,15366,15057,20,9,859369,12,
new,3000,none,1,scroll_pages,14,2026-10-03T10:22:05.688Z,ok,0,,931.9,,,,,0,0,16899928,10971164,1190,791,3,45920,44994,60,3,45920,20,60
new,3000,none,1,scroll_all,14,2026-10-03T10:22:34.734Z,ok,0,,26966.3,,,,,0,0,27124744,15320744,937,630,137,2092459,2050215,2734,137,2092459,15,2754
new,3000,none,1,filter_change,14,2026-10-03T10:22:36.540Z,ok,0,rows 12->12,74.7,,,,,0,0,14606196,11414292,904,620,1,15290,14982,20,1,15290,12,
new,3000,none,1,sort_change,14,2026-10-03T10:22:38.357Z,ok,0,rows 12->12,85.4,,,,,0,0,13654308,11230980,847,560,1,15241,14933,20,1,15241,12,
new,3000,none,1,initial_load,15,2026-10-03T10:22:40.489Z,ok,0,,568.4,568.4,568.4,60,772,15,2,11567056,9678588,791,538,1,15366,15057,20,9,859369,12,
new,3000,none,1,scroll_pages,15,2026-10-03T10:22:43.040Z,ok,0,,871.3,,,,,0,0,16901824,10970932,1190,791,3,45920,44994,60,3,45920,20,60
new,3000,none,1,scroll_all,15,2026-10-03T10:23:12.051Z,ok,0,,26906.8,,,,,0,0,39316672,15326488,937,630,137,2092459,2050215,2734,137,2092459,15,2754
new,3000,none,1,filter_change,15,2026-10-03T10:23:13.912Z,ok,0,rows 12->12,80.1,,,,,0,0,14570892,11413572,904,620,1,15290,14982,20,1,15290,12,
new,3000,none,1,sort_change,15,2026-10-03T10:23:15.737Z,ok,0,rows 12->12,83.7,,,,,0,0,13653744,11240776,847,560,1,15241,14933,20,1,15241,12,
new,3000,none,1,initial_load,16,2026-10-03T10:23:17.885Z,ok,0,,574.2,574.2,574.2,64,460,21,2,11532716,9678008,791,538,1,15366,15057,20,9,859369,12,
new,3000,none,1,scroll_pages,16,2026-10-03T10:23:20.464Z,ok,0,,895.1,,,,,0,0,16922260,10971580,1190,791,3,45920,44994,60,3,45920,20,60
new,3000,none,1,scroll_all,16,2026-10-03T10:23:49.673Z,ok,0,,27191.6,,,,,0,0,39302136,15310616,937,630,137,2092459,2050215,2734,137,2092459,15,2754
new,3000,none,1,filter_change,16,2026-10-03T10:23:51.520Z,ok,0,rows 12->12,78.2,,,,,0,0,14635576,11415172,904,620,1,15290,14982,20,1,15290,12,
new,3000,none,1,sort_change,16,2026-10-03T10:23:53.368Z,ok,0,rows 12->12,81.3,,,,,0,0,13724652,11234864,847,560,1,15241,14933,20,1,15241,12,
new,3000,none,1,initial_load,17,2026-10-03T10:23:55.506Z,ok,0,,566.7,566.7,566.7,60,460,17,2,11530464,9677980,791,538,1,15366,15057,20,9,859369,12,
new,3000,none,1,scroll_pages,17,2026-10-03T10:23:58.153Z,ok,0,,1003,,,,,0,0,17032568,11006648,1195,794,3,45920,44994,60,3,45920,20,63
new,3000,none,1,scroll_all,17,2026-10-03T10:24:27.179Z,ok,0,,26915,,,,,0,0,39591064,15290664,937,630,137,2092459,2050215,2734,137,2092459,15,2754
new,3000,none,1,filter_change,17,2026-10-03T10:24:28.987Z,ok,0,rows 12->12,75.1,,,,,0,0,14623300,11414400,904,620,1,15290,14982,20,1,15290,12,
new,3000,none,1,sort_change,17,2026-10-03T10:24:30.816Z,ok,0,rows 12->12,85.4,,,,,0,0,13676880,11237304,847,560,1,15241,14933,20,1,15241,12,
new,3000,none,1,initial_load,18,2026-10-03T10:24:32.953Z,ok,0,,565.3,565.3,565.3,64,528,12,2,11559252,9684460,791,538,1,15366,15057,20,9,859369,12,
new,3000,none,1,scroll_pages,18,2026-10-03T10:24:35.524Z,ok,0,,929.4,,,,,0,0,17093572,11008580,1195,794,3,45920,44994,60,3,45920,20,63
new,3000,none,1,scroll_all,18,2026-10-03T10:25:04.851Z,ok,0,,27290.4,,,,,0,0,27666776,15325456,937,630,137,2092459,2050215,2734,137,2092459,15,2754
new,3000,none,1,filter_change,18,2026-10-03T10:25:06.661Z,ok,0,rows 12->12,74.6,,,,,0,0,14608252,11410616,904,620,1,15290,14982,20,1,15290,12,
new,3000,none,1,sort_change,18,2026-10-03T10:25:08.479Z,ok,0,rows 12->12,82.1,,,,,0,0,13647400,11230928,847,560,1,15241,14933,20,1,15241,12,
new,3000,none,1,initial_load,19,2026-10-03T10:25:10.621Z,ok,0,,566.5,566.5,566.5,64,472,16,2,11530228,9678296,791,538,1,15366,15057,20,9,859369,12,
new,3000,none,1,scroll_pages,19,2026-10-03T10:25:13.200Z,ok,0,,887.4,,,,,0,0,16840712,10964620,1190,791,3,45920,44994,60,3,45920,20,60
new,3000,none,1,scroll_all,19,2026-10-03T10:25:42.476Z,ok,0,,27270,,,,,0,0,21874448,15295392,937,630,137,2092459,2050215,2734,137,2092459,15,2754
new,3000,none,1,filter_change,19,2026-10-03T10:25:44.294Z,ok,0,rows 12->12,74.9,,,,,0,0,13832984,11411892,904,620,1,15290,14982,20,1,15290,12,
new,3000,none,1,sort_change,19,2026-10-03T10:25:46.126Z,ok,0,rows 12->12,86.5,,,,,0,0,13638544,11229784,847,560,1,15241,14933,20,1,15241,12,
new,3000,none,1,initial_load,20,2026-10-03T10:25:48.259Z,ok,0,,565.9,565.9,565.9,64,704,14,2,11535908,9678244,791,538,1,15366,15057,20,9,859369,12,
new,3000,none,1,scroll_pages,20,2026-10-03T10:25:50.882Z,ok,0,,914.7,,,,,0,0,16879600,10964928,1190,791,3,45920,44994,60,3,45920,20,60
new,3000,none,1,scroll_all,20,2026-10-03T10:26:19.907Z,ok,0,,26959.3,,,,,0,0,31803544,15334248,937,630,137,2092459,2050215,2734,137,2092459,15,2754
new,3000,none,1,filter_change,20,2026-10-03T10:26:21.692Z,ok,0,rows 12->12,74,,,,,0,0,14600840,11414236,904,620,1,15290,14982,20,1,15290,12,
new,3000,none,1,sort_change,20,2026-10-03T10:26:23.503Z,ok,0,rows 12->12,79.4,,,,,0,0,13650536,11230852,847,560,1,15241,14933,20,1,15241,12,
new,3000,none,1,initial_load,21,2026-10-03T10:26:25.640Z,ok,0,,564.9,564.9,564.9,72,460,12,2,11550640,9696336,791,538,1,15366,15057,20,9,859369,12,
new,3000,none,1,scroll_pages,21,2026-10-03T10:26:28.231Z,ok,0,,901.9,,,,,0,0,16888332,10964408,1190,791,3,45920,44994,60,3,45920,20,60
new,3000,none,1,scroll_all,21,2026-10-03T10:26:57.113Z,ok,0,,26779.6,,,,,0,0,38951708,15298408,937,630,137,2092459,2050215,2734,137,2092459,15,2754
new,3000,none,1,filter_change,21,2026-10-03T10:26:58.958Z,ok,0,rows 12->12,76.8,,,,,0,0,13838780,11415880,904,620,1,15290,14982,20,1,15290,12,
new,3000,none,1,sort_change,21,2026-10-03T10:27:00.768Z,ok,0,rows 12->12,79,,,,,0,0,13736712,11238952,847,560,1,15241,14933,20,1,15241,12,
new,3000,none,1,initial_load,22,2026-10-03T10:27:02.903Z,ok,0,,561.9,561.9,561.9,64,456,8,2,11543252,9678016,791,538,1,15366,15057,20,9,859369,12,
new,3000,none,1,scroll_pages,22,2026-10-03T10:27:05.513Z,ok,0,,917.1,,,,,0,0,16875280,10970780,1190,791,3,45920,44994,60,3,45920,20,60
new,3000,none,1,scroll_all,22,2026-10-03T10:27:34.478Z,ok,0,,26911.6,,,,,0,0,15911992,15305604,937,630,137,2092459,2050215,2734,137,2092459,15,2754
new,3000,none,1,filter_change,22,2026-10-03T10:27:36.334Z,ok,0,rows 12->12,87.3,,,,,0,0,14643704,11412676,904,620,1,15290,14982,20,1,15290,12,
new,3000,none,1,sort_change,22,2026-10-03T10:27:38.148Z,ok,0,rows 12->12,86.6,,,,,0,0,13685204,11232460,847,560,1,15241,14933,20,1,15241,12,
new,3000,none,1,initial_load,23,2026-10-03T10:27:40.287Z,ok,0,,570.9,570.9,570.9,72,724,16,2,11539512,9678208,791,538,1,15366,15057,20,9,859369,12,
new,3000,none,1,scroll_pages,23,2026-10-03T10:27:42.941Z,ok,0,,956.8,,,,,0,0,16924160,10977256,1190,791,3,45920,44994,60,3,45920,20,60
new,3000,none,1,scroll_all,23,2026-10-03T10:28:12.333Z,ok,0,,27358.9,,,,,0,0,41916520,15296132,937,630,137,2092459,2050215,2734,137,2092459,15,2754
new,3000,none,1,filter_change,23,2026-10-03T10:28:14.131Z,ok,0,rows 12->12,77.4,,,,,0,0,13826388,11414700,904,620,1,15290,14982,20,1,15290,12,
new,3000,none,1,sort_change,23,2026-10-03T10:28:15.962Z,ok,0,rows 12->12,83.5,,,,,0,0,13652260,11237220,847,560,1,15241,14933,20,1,15241,12,
new,3000,none,1,initial_load,24,2026-10-03T10:28:18.108Z,ok,0,,575.3,575.3,575.3,76,720,16,2,11575108,9693012,791,538,1,15366,15057,20,9,859369,12,
new,3000,none,1,scroll_pages,24,2026-10-03T10:28:20.712Z,ok,0,,906.3,,,,,0,0,16892608,10964348,1190,791,3,45920,44994,60,3,45920,20,60
new,3000,none,1,scroll_all,24,2026-10-03T10:28:49.567Z,ok,0,,26784.7,,,,,0,0,41390948,15338476,937,630,137,2092459,2050215,2734,137,2092459,15,2754
new,3000,none,1,filter_change,24,2026-10-03T10:28:51.414Z,ok,0,rows 12->12,77,,,,,0,0,14613080,11416188,904,620,1,15290,14982,20,1,15290,12,
new,3000,none,1,sort_change,24,2026-10-03T10:28:53.243Z,ok,0,rows 12->12,81.7,,,,,0,0,13687628,11231044,847,560,1,15241,14933,20,1,15241,12,
new,3000,none,1,initial_load,25,2026-10-03T10:28:55.387Z,ok,0,,572.8,572.8,572.8,64,460,19,2,11507460,9677548,791,538,1,15366,15057,20,9,859369,12,
new,3000,none,1,scroll_pages,25,2026-10-03T10:28:57.966Z,ok,0,,885.5,,,,,0,0,16916368,10964560,1190,791,3,45920,44994,60,3,45920,20,60
new,3000,none,1,scroll_all,25,2026-10-03T10:29:26.534Z,ok,0,,26543.1,,,,,0,0,34846692,15287288,937,630,137,2092459,2050215,2734,137,2092459,15,2754
new,3000,none,1,filter_change,25,2026-10-03T10:29:28.377Z,ok,0,rows 12->12,79.9,,,,,0,0,13846740,11411060,904,620,1,15290,14982,20,1,15290,12,
new,3000,none,1,sort_change,25,2026-10-03T10:29:30.206Z,ok,0,rows 12->12,83.4,,,,,0,0,13735824,11234836,847,560,1,15241,14933,20,1,15241,12,
new,3000,none,1,initial_load,26,2026-10-03T10:29:32.351Z,ok,0,,573.6,573.6,573.6,72,460,15,2,11557552,9677972,791,538,1,15366,15057,20,9,859369,12,
new,3000,none,1,scroll_pages,26,2026-10-03T10:29:34.998Z,ok,0,,949.1,,,,,0,0,16899784,10970484,1190,791,3,45920,44994,60,3,45920,20,60
new,3000,none,1,scroll_all,26,2026-10-03T10:30:03.795Z,ok,0,,26788.1,,,,,0,0,31206036,15298092,937,630,137,2092459,2050215,2734,137,2092459,15,2754
new,3000,none,1,filter_change,26,2026-10-03T10:30:05.574Z,ok,0,rows 12->12,74.2,,,,,0,0,14601716,11411472,904,620,1,15290,14982,20,1,15290,12,
new,3000,none,1,sort_change,26,2026-10-03T10:30:07.402Z,ok,0,rows 12->12,82.6,,,,,0,0,13632376,11230680,847,560,1,15241,14933,20,1,15241,12,
new,3000,none,1,initial_load,27,2026-10-03T10:30:09.540Z,ok,0,,563,563,563,64,532,12,2,11532496,9678192,791,538,1,15366,15057,20,9,859369,12,
new,3000,none,1,scroll_pages,27,2026-10-03T10:30:12.167Z,ok,0,,930.8,,,,,0,0,16853664,10971972,1190,791,3,45920,44994,60,3,45920,20,60
new,3000,none,1,scroll_all,27,2026-10-03T10:30:41.158Z,ok,0,,26969.4,,,,,0,0,28559996,15278976,937,630,137,2092459,2050215,2734,137,2092459,15,2754
new,3000,none,1,filter_change,27,2026-10-03T10:30:43.003Z,ok,0,rows 12->12,76.6,,,,,0,0,13857724,11412080,904,620,1,15290,14982,20,1,15290,12,
new,3000,none,1,sort_change,27,2026-10-03T10:30:44.833Z,ok,0,rows 12->12,82.8,,,,,0,0,13654232,11238056,847,560,1,15241,14933,20,1,15241,12,
new,3000,none,1,initial_load,28,2026-10-03T10:30:46.973Z,ok,0,,566.5,566.5,566.5,72,480,12,2,11540296,9684596,791,538,1,15366,15057,20,9,859369,12,
new,3000,none,1,scroll_pages,28,2026-10-03T10:30:49.562Z,ok,0,,896.1,,,,,0,0,16892188,10972856,1190,791,3,45920,44994,60,3,45920,20,60
new,3000,none,1,scroll_all,28,2026-10-03T10:31:18.375Z,ok,0,,26836.3,,,,,0,0,16140284,15335204,937,630,137,2092459,2050215,2734,137,2092459,15,2754
new,3000,none,1,filter_change,28,2026-10-03T10:31:20.216Z,ok,0,rows 12->12,76.9,,,,,0,0,14605608,11413264,904,620,1,15290,14982,20,1,15290,12,
new,3000,none,1,sort_change,28,2026-10-03T10:31:22.049Z,ok,0,rows 12->12,82.7,,,,,0,0,13646952,11231776,847,560,1,15241,14933,20,1,15241,12,
new,3000,none,1,initial_load,29,2026-10-03T10:31:24.200Z,ok,0,,579.8,579.8,579.8,64,464,18,2,11575592,9678296,791,538,1,15366,15057,20,9,859369,12,
new,3000,none,1,scroll_pages,29,2026-10-03T10:31:26.823Z,ok,0,,926.2,,,,,0,0,16957492,10970524,1190,791,3,45920,44994,60,3,45920,20,60
new,3000,none,1,scroll_all,29,2026-10-03T10:31:55.446Z,ok,0,,26459.8,,,,,0,0,34374616,15313484,937,630,137,2092459,2050215,2734,137,2092459,15,2754
new,3000,none,1,filter_change,29,2026-10-03T10:31:57.253Z,ok,0,rows 12->12,79,,,,,0,0,13804724,11414776,904,620,1,15290,14982,20,1,15290,12,
new,3000,none,1,sort_change,29,2026-10-03T10:31:59.081Z,ok,0,rows 12->12,81.7,,,,,0,0,13671668,11239388,847,560,1,15241,14933,20,1,15241,12,
new,3000,none,1,initial_load,30,2026-10-03T10:32:01.217Z,ok,0,,567,567,567,64,740,14,2,11526824,9678196,791,538,1,15366,15057,20,9,859369,12,
new,3000,none,1,scroll_pages,30,2026-10-03T10:32:03.944Z,ok,0,,985.1,,,,,0,0,16949912,10971116,1190,791,3,45920,44994,60,3,45920,20,60
new,3000,none,1,scroll_all,30,2026-10-03T10:32:32.941Z,ok,0,,27011.9,,,,,0,0,20604532,15349684,937,630,137,2092459,2050215,2734,137,2092459,15,2754
new,3000,none,1,filter_change,30,2026-10-03T10:32:34.781Z,ok,0,rows 12->12,80.5,,,,,0,0,14638144,11414048,904,620,1,15290,14982,20,1,15290,12,
new,3000,none,1,sort_change,30,2026-10-03T10:32:36.596Z,ok,0,rows 12->12,80.3,,,,,0,0,13662356,11237260,847,560,1,15241,14933,20,1,15241,12,
new,10000,none,1,initial_load,1,2026-10-03T10:38:33.085Z,ok,0,,564,564,564,64,708,15,2,11549624,9680328,796,541,1,15331,15022,20,9,859334,12,
new,10000,none,1,scroll_pages,1,2026-10-03T10:38:35.678Z,ok,0,,953,,,,,0,0,18134004,11078852,1259,834,3,45841,44917,60,3,45841,21,63
new,10000,none,1,scroll_all,1,2026-10-03T10:40:09.616Z,ok,0,,91855.8,,,,,0,0,55335912,23254748,942,633,459,7021101,6879522,9169,460,7021558,15,9189
new,10000,none,1,filter_change,1,2026-10-03T10:40:11.423Z,ok,0,rows 12->12,75.2,,,,,0,0,14537984,11406344,904,620,1,15263,14955,20,1,15263,12,
new,10000,none,1,sort_change,1,2026-10-03T10:40:13.256Z,ok,0,rows 12->12,86.9,,,,,0,0,13740344,11245168,857,566,1,15175,14867,20,1,15175,12,
new,10000,none,1,initial_load,2,2026-10-03T10:40:15.393Z,ok,0,,564.9,564.9,564.9,64,700,13,2,11560648,9680452,796,541,1,15331,15022,20,9,859334,12,
new,10000,none,1,scroll_pages,2,2026-10-03T10:40:18.070Z,ok,0,,986.9,,,,,0,0,17313080,11084816,1259,834,3,45841,44917,60,3,45841,21,63
new,10000,none,1,scroll_all,2,2026-10-03T10:41:51.667Z,ok,0,,91435.9,,,,,0,0,64902308,23293792,942,633,459,7021101,6879522,9169,460,7021558,15,9189
new,10000,none,1,filter_change,2,2026-10-03T10:41:53.482Z,ok,0,rows 12->12,72.3,,,,,0,0,14533324,11406336,904,620,1,15263,14955,20,1,15263,12,
new,10000,none,1,sort_change,2,2026-10-03T10:41:55.299Z,ok,0,rows 12->12,89.2,,,,,0,0,13699868,11246664,857,566,1,15175,14867,20,1,15175,12,
new,10000,none,1,initial_load,3,2026-10-03T10:41:57.439Z,ok,0,,568.4,568.4,568.4,64,492,16,2,11579644,9680364,796,541,1,15331,15022,20,9,859334,12,
new,10000,none,1,scroll_pages,3,2026-10-03T10:42:00.073Z,ok,0,,994.4,,,,,0,0,17318268,11085304,1259,834,3,45841,44917,60,3,45841,21,63
new,10000,none,1,scroll_all,3,2026-10-03T10:43:33.690Z,ok,0,,91456.1,,,,,0,0,64038836,23285960,942,633,459,7021101,6879522,9169,460,7021558,15,9189
new,10000,none,1,filter_change,3,2026-10-03T10:43:35.572Z,ok,0,rows 12->12,73,,,,,0,0,14508708,11411560,904,620,1,15263,14955,20,1,15263,12,
new,10000,none,1,sort_change,3,2026-10-03T10:43:37.409Z,ok,0,rows 12->12,86.3,,,,,0,0,13777720,11245888,857,566,1,15175,14867,20,1,15175,12,
new,10000,none,1,initial_load,4,2026-10-03T10:43:39.558Z,ok,0,,576.7,576.7,576.7,80,776,17,2,11551788,9692316,796,541,1,15331,15022,20,9,859334,12,
new,10000,none,1,scroll_pages,4,2026-10-03T10:43:42.118Z,ok,0,,864,,,,,0,0,17149308,11069836,1259,834,3,45841,44917,60,3,45841,21,61
new,10000,none,1,scroll_all,4,2026-10-03T10:45:14.978Z,ok,0,,90703.7,,,,,0,0,64646780,23256292,942,633,459,7021101,6879522,9169,460,7021558,15,9189
new,10000,none,1,filter_change,4,2026-10-03T10:45:16.797Z,ok,0,rows 12->12,74.3,,,,,0,0,14546180,11408068,904,620,1,15263,14955,20,1,15263,12,
new,10000,none,1,sort_change,4,2026-10-03T10:45:18.618Z,ok,0,rows 12->12,84.7,,,,,0,0,13756396,11251628,857,566,1,15175,14867,20,1,15175,12,
new,10000,none,1,initial_load,5,2026-10-03T10:45:20.757Z,ok,0,,568.4,568.4,568.4,64,464,14,2,11531516,9680268,796,541,1,15331,15022,20,9,859334,12,
new,10000,none,1,scroll_pages,5,2026-10-03T10:45:23.389Z,ok,0,,942.5,,,,,0,0,17148032,11046508,1259,834,3,45841,44917,60,3,45841,21,60
new,10000,none,1,scroll_all,5,2026-10-03T10:45:55.572Z,ok,0,,30112.1,,,,,0,0,37840988,15807480,884,597,157,2409265,2360806,3140,157,2409265,14,3160
new,10000,none,1,filter_change,5,2026-10-03T10:45:57.376Z,ok,0,rows 12->12,69.2,,,,,0,0,14516672,11406172,904,620,1,15263,14955,20,1,15263,12,
new,10000,none,1,sort_change,5,2026-10-03T10:45:59.209Z,ok,0,rows 12->12,88.7,,,,,0,0,13737652,11246196,857,566,1,15175,14867,20,1,15175,12,
new,10000,none,1,initial_load,6,2026-10-03T10:46:01.349Z,ok,0,,565.1,565.1,565.1,64,460,19,3,11516640,9680344,796,541,1,15331,15022,20,9,859334,12,
new,10000,none,1,scroll_pages,6,2026-10-03T10:46:03.973Z,ok,0,,988.5,,,,,0,0,17316132,11084056,1259,834,3,45841,44917,60,3,45841,21,63
new,10000,none,1,scroll_all,6,2026-10-03T10:47:37.577Z,ok,0,,91464.8,,,,,0,0,54216956,23304084,942,633,459,7021101,6879522,9169,460,7021558,15,9189
new,10000,none,1,filter_change,6,2026-10-03T10:47:39.398Z,ok,0,rows 12->12,69,,,,,0,0,14521040,11405408,904,620,1,15263,14955,20,1,15263,12,
new,10000,none,1,sort_change,6,2026-10-03T10:47:41.220Z,ok,0,rows 12->12,83.8,,,,,0,0,13729092,11245152,857,566,1,15175,14867,20,1,15175,12,
new,10000,none,1,initial_load,7,2026-10-03T10:47:43.359Z,ok,0,,567.4,567.4,567.4,64,516,16,2,11559668,9680220,796,541,1,15331,15022,20,9,859334,12,
new,10000,none,1,scroll_pages,7,2026-10-03T10:47:46.046Z,ok,0,,988,,,,,0,0,17108648,11045156,1259,834,3,45841,44917,60,3,45841,21,60
new,10000,none,1,scroll_all,7,2026-10-03T10:49:20.192Z,ok,0,,92031.2,,,,,0,0,41867472,23287092,942,633,459,7021101,6879522,9169,460,7021558,15,9189
new,10000,none,1,filter_change,7,2026-10-03T10:49:21.990Z,ok,0,rows 12->12,72.3,,,,,0,0,14482564,11406248,904,620,1,15263,14955,20,1,15263,12,
new,10000,none,1,sort_change,7,2026-10-03T10:49:23.816Z,ok,0,rows 12->12,86.7,,,,,0,0,13696548,11248616,857,566,1,15175,14867,20,1,15175,12,
new,10000,none,1,initial_load,8,2026-10-03T10:49:25.955Z,ok,0,,562.5,562.5,562.5,80,512,17,3,11561188,9686524,796,541,1,15331,15022,20,9,859334,12,
new,10000,none,1,scroll_pages,8,2026-10-03T10:49:28.625Z,ok,0,,973.2,,,,,0,0,17355348,11085668,1259,834,3,45841,44917,60,3,45841,21,63
new,10000,none,1,scroll_all,8,2026-10-03T10:51:00.585Z,ok,0,,89832.8,,,,,0,0,51597824,23305916,942,633,459,7021101,6879522,9169,460,7021558,15,9189
new,10000,none,1,filter_change,8,2026-10-03T10:51:02.401Z,ok,0,rows 12->12,70.4,,,,,0,0,14542140,11406156,904,620,1,15263,14955,20,1,15263,12,
new,10000,none,1,sort_change,8,2026-10-03T10:51:04.237Z,ok,0,rows 12->12,90.2,,,,,0,0,13753324,11245372,857,566,1,15175,14867,20,1,15175,12,
new,10000,none,1,initial_load,9,2026-10-03T10:51:06.375Z,ok,0,,568.7,568.7,568.7,64,500,18,2,11591928,9680372,796,541,1,15331,15022,20,9,859334,12,
new,10000,none,1,scroll_pages,9,2026-10-03T10:51:09.092Z,ok,0,,1019.8,,,,,0,0,17111944,11045196,1259,834,3,45841,44917,60,3,45841,21,60
new,10000,none,1,scroll_all,9,2026-10-03T10:52:42.014Z,ok,0,,90823.2,,,,,0,0,56884972,23282556,942,633,459,7021101,6879522,9169,460,7021558,15,9189
new,10000,none,1,filter_change,9,2026-10-03T10:52:43.829Z,ok,0,rows 12->12,72.3,,,,,0,0,14515800,11409104,904,620,1,15263,14955,20,1,15263,12,
new,10000,none,1,sort_change,9,2026-10-03T10:52:45.662Z,ok,0,rows 12->12,86.7,,,,,0,0,13758500,11245252,857,566,1,15175,14867,20,1,15175,12,
new,10000,none,1,initial_load,10,2026-10-03T10:52:47.802Z,ok,0,,570.7,570.7,570.7,64,768,15,2,11527024,9686264,796,541,1,15331,15022,20,9,859334,12,
new,10000,none,1,scroll_pages,10,2026-10-03T10:52:50.460Z,ok,0,,1016.1,,,,,0,0,17316508,11085836,1259,834,3,45841,44917,60,3,45841,21,63
new,10000,none,1,scroll_all,10,2026-10-03T10:54:24.106Z,ok,0,,91513,,,,,0,0,56869492,23276316,942,633,459,7021101,6879522,9169,460,7021558,15,9189
new,10000,none,1,filter_change,10,2026-10-03T10:54:25.965Z,ok,0,rows 12->12,71.9,,,,,0,0,14544420,11408976,904,620,1,15263,14955,20,1,15263,12,
new,10000,none,1,sort_change,10,2026-10-03T10:54:27.803Z,ok,0,rows 12->12,89.3,,,,,0,0,13812816,11248804,857,566,1,15175,14867,20,1,15175,12,
new,10000,none,1,initial_load,11,2026-10-03T10:54:29.940Z,ok,0,,563.1,563.1,563.1,64,696,14,2,11580188,9686980,796,541,1,15331,15022,20,9,859334,12,
new,10000,none,1,scroll_pages,11,2026-10-03T10:54:32.591Z,ok,0,,955.7,,,,,0,0,17324248,11085480,1259,834,3,45841,44917,60,3,45841,21,63
new,10000,none,1,scroll_all,11,2026-10-03T10:56:04.996Z,ok,0,,90253.9,,,,,0,0,49491060,23291456,942,633,459,7021101,6879522,9169,460,7021558,15,9189
new,10000,none,1,filter_change,11,2026-10-03T10:56:06.798Z,ok,0,rows 12->12,76.1,,,,,0,0,14518396,11412604,904,620,1,15263,14955,20,1,15263,12,
new,10000,none,1,sort_change,11,2026-10-03T10:56:08.622Z,ok,0,rows 12->12,86.2,,,,,0,0,13759284,11248476,857,566,1,15175,14867,20,1,15175,12,
new,10000,none,1,initial_load,12,2026-10-03T10:56:10.765Z,ok,0,,573.7,573.7,573.7,72,460,17,2,11517608,9680140,796,541,1,15331,15022,20,9,859334,12,
new,10000,none,1,scroll_pages,12,2026-10-03T10:56:13.403Z,ok,0,,989.4,,,,,0,0,17336052,11085916,1259,834,3,45841,44917,60,3,45841,21,63
new,10000,none,1,scroll_all,12,2026-10-03T10:57:45.894Z,ok,0,,90326.7,,,,,0,0,56123696,23280848,942,633,459,7021101,6879522,9169,460,7021558,15,9189
new,10000,none,1,filter_change,12,2026-10-03T10:57:47.700Z,ok,0,rows 12->12,71.2,,,,,0,0,14511420,11409308,904,620,1,15263,14955,20,1,15263,12,
new,10000,none,1,sort_change,12,2026-10-03T10:57:49.532Z,ok,0,rows 12->12,87.9,,,,,0,0,13740232,11245520,857,566,1,15175,14867,20,1,15175,12,
new,10000,none,1,initial_load,13,2026-10-03T10:57:51.669Z,ok,0,,566,566,566,64,768,10,2,11566348,9679744,796,541,1,15331,15022,20,9,859334,12,
new,10000,none,1,scroll_pages,13,2026-10-03T10:57:54.292Z,ok,0,,925.9,,,,,0,0,17106792,11044200,1259,834,3,45841,44917,60,3,45841,21,60
new,10000,none,1,scroll_all,13,2026-10-03T10:59:26.686Z,ok,0,,90264.4,,,,,0,0,56764456,23282244,942,633,459,7021101,6879522,9169,460,7021558,15,9189
new,10000,none,1,filter_change,13,2026-10-03T10:59:28.493Z,ok,0,rows 12->12,68.8,,,,,0,0,14528780,11411796,904,620,1,15263,14955,20,1,15263,12,
new,10000,none,1,sort_change,13,2026-10-03T10:59:30.313Z,ok,0,rows 12->12,85.3,,,,,0,0,13722516,11245236,857,566,1,15175,14867,20,1,15175,12,
new,10000,none,1,initial_load,14,2026-10-03T10:59:32.454Z,ok,0,,564.8,564.8,564.8,60,700,16,2,11565392,9680436,796,541,1,15331,15022,20,9,859334,12,
new,10000,none,1,scroll_pages,14,2026-10-03T10:59:35.102Z,ok,0,,1007.8,,,,,0,0,17334056,11085296,1259,834,3,45841,44917,60,3,45841,21,63
new,10000,none,1,scroll_all,14,2026-10-03T11:01:08.096Z,ok,0,,90836.1,,,,,0,0,65572216,23272936,942,633,459,7021101,6879522,9169,460,7021558,15,9189
new,10000,none,1,filter_change,14,2026-10-03T11:01:09.904Z,ok,0,rows 12->12,72.1,,,,,0,0,14538356,11409304,904,620,1,15263,14955,20,1,15263,12,
new,10000,none,1,sort_change,14,2026-10-03T11:01:11.734Z,ok,0,rows 12->12,87.5,,,,,0,0,13743472,11249196,857,566,1,15175,14867,20,1,15175,12,
new,10000,none,1,initial_load,15,2026-10-03T11:01:13.876Z,ok,0,,571,571,571,64,764,18,2,11564840,9679764,796,541,1,15331,15022,20,9,859334,12,
new,10000,none,1,scroll_pages,15,2026-10-03T11:01:16.534Z,ok,0,,1018.5,,,,,0,0,18164888,11077872,1259,834,3,45841,44917,60,3,45841,21,63
new,10000,none,1,scroll_all,15,2026-10-03T11:02:50.782Z,ok,0,,92086.3,,,,,0,0,65186952,23313004,942,633,459,7021101,6879522,9169,460,7021558,15,9189
new,10000,none,1,filter_change,15,2026-10-03T11:02:52.594Z,ok,0,rows 12->12,70.5,,,,,0,0,14512944,11408428,904,620,1,15263,14955,20,1,15263,12,
new,10000,none,1,sort_change,15,2026-10-03T11:02:54.411Z,ok,0,rows 12->12,86.9,,,,,0,0,13730664,11245176,857,566,1,15175,14867,20,1,15175,12,
new,10000,none,1,initial_load,16,2026-10-03T11:02:56.545Z,ok,0,,565.1,565.1,565.1,64,456,14,2,11542468,9688252,796,541,1,15331,15022,20,9,859334,12,
new,10000,none,1,scroll_pages,16,2026-10-03T11:02:59.167Z,ok,0,,926.7,,,,,0,0,17356972,11084632,1259,834,3,45841,44917,60,3,45841,21,63
new,10000,none,1,scroll_all,16,2026-10-03T11:04:31.848Z,ok,0,,90500.1,,,,,0,0,71563160,23313208,942,633,459,7021101,6879522,9169,460,7021558,15,9189
new,10000,none,1,filter_change,16,2026-10-03T11:04:33.696Z,ok,0,rows 12->12,68.9,,,,,0,0,14526108,11411380,904,620,1,15263,14955,20,1,15263,12,
new,10000,none,1,sort_change,16,2026-10-03T11:04:35.519Z,ok,0,rows 12->12,88.2,,,,,0,0,13730924,11248552,857,566,1,15175,14867,20,1,15175,12,
new,10000,none,1,initial_load,17,2026-10-03T11:04:37.654Z,ok,0,,565.3,565.3,565.3,64,460,10,2,11535424,9680036,796,541,1,15331,15022,20,9,859334,12,
new,10000,none,1,scroll_pages,17,2026-10-03T11:04:40.300Z,ok,0,,1013.3,,,,,0,0,17310920,11085752,1259,834,3,45841,44917,60,3,45841,21,63
new,10000,none,1,scroll_all,17,2026-10-03T11:04:51.889Z,ok,0,,9529.9,,,,,0,0,24698484,12911992,928,625,48,736196,721383,960,48,736196,15,980
new,10000,none,1,filter_change,17,2026-10-03T11:04:53.698Z,ok,0,rows 12->12,73.4,,,,,0,0,14537512,11410100,904,620,1,15263,14955,20,1,15263,12,
new,10000,none,1,sort_change,17,2026-10-03T11:04:55.514Z,ok,0,rows 12->12,86.3,,,,,0,0,13778608,11245668,857,566,1,15175,14867,20,1,15175,12,
new,10000,none,1,initial_load,18,2026-10-03T11:04:57.661Z,ok,0,,575.6,575.6,575.6,72,732,21,2,11579956,9679764,796,541,1,15331,15022,20,9,859334,12,
new,10000,none,1,scroll_pages,18,2026-10-03T11:05:00.349Z,ok,0,,988.4,,,,,0,0,17359732,11085096,1259,834,3,45841,44917,60,3,45841,21,63
new,10000,none,1,scroll_all,18,2026-10-03T11:06:34.534Z,ok,0,,91988.9,,,,,0,0,56142148,23275424,942,633,459,7021101,6879522,9169,460,7021558,15,9189
new,10000,none,1,filter_change,18,2026-10-03T11:06:36.340Z,ok,0,rows 12->12,70.8,,,,,0,0,14484064,11408448,904,620,1,15263,14955,20,1,15263,12,
new,10000,none,1,sort_change,18,2026-10-03T11:06:38.162Z,ok,0,rows 12->12,87.4,,,,,0,0,13775400,11251640,857,566,1,15175,14867,20,1,15175,12,
new,10000,none,1,initial_load,19,2026-10-03T11:06:40.300Z,ok,0,,568.2,568.2,568.2,64,756,16,2,11559356,9690472,796,541,1,15331,15022,20,9,859334,12,
new,10000,none,1,scroll_pages,19,2026-10-03T11:06:42.952Z,ok,0,,954.3,,,,,0,0,17320584,11085592,1259,834,3,45841,44917,60,3,45841,21,63
new,10000,none,1,scroll_all,19,2026-10-03T11:08:16.230Z,ok,0,,91159.3,,,,,0,0,44264128,23333040,942,633,459,7021101,6879522,9169,460,7021558,15,9189
new,10000,none,1,filter_change,19,2026-10-03T11:08:18.035Z,ok,0,rows 12->12,68.8,,,,,0,0,14495240,11409156,904,620,1,15263,14955,20,1,15263,12,
new,10000,none,1,sort_change,19,2026-10-03T11:08:19.865Z,ok,0,rows 12->12,89.5,,,,,0,0,13796980,11255216,857,566,1,15175,14867,20,1,15175,12,
new,10000,none,1,initial_load,20,2026-10-03T11:08:22.000Z,ok,0,,564.4,564.4,564.4,64,708,14,2,11564992,9680344,796,541,1,15331,15022,20,9,859334,12,
new,10000,none,1,scroll_pages,20,2026-10-03T11:08:24.646Z,ok,0,,1004.4,,,,,0,0,17345936,11084864,1259,834,3,45841,44917,60,3,45841,21,63
new,10000,none,1,scroll_all,20,2026-10-03T11:09:57.969Z,ok,0,,91169.8,,,,,0,0,55245972,23300628,942,633,459,7021101,6879522,9169,460,7021558,15,9189
new,10000,none,1,filter_change,20,2026-10-03T11:09:59.776Z,ok,0,rows 12->12,72.1,,,,,0,0,14511648,11406268,904,620,1,15263,14955,20,1,15263,12,
new,10000,none,1,sort_change,20,2026-10-03T11:10:01.608Z,ok,0,rows 12->12,88.3,,,,,0,0,13772928,11246796,857,566,1,15175,14867,20,1,15175,12,
new,10000,none,1,initial_load,21,2026-10-03T11:10:03.743Z,ok,0,,563.5,563.5,563.5,64,460,9,2,11573608,9680056,796,541,1,15331,15022,20,9,859334,12,
new,10000,none,1,scroll_pages,21,2026-10-03T11:10:06.383Z,ok,0,,1007.5,,,,,0,0,17313224,11087024,1259,834,3,45841,44917,60,3,45841,21,63
new,10000,none,1,scroll_all,21,2026-10-03T11:11:39.824Z,ok,0,,91326.9,,,,,0,0,41875480,23306956,942,633,459,7021101,6879522,9169,460,7021558,15,9189
new,10000,none,1,filter_change,21,2026-10-03T11:11:41.631Z,ok,0,rows 12->12,70.5,,,,,0,0,14510560,11408672,904,620,1,15263,14955,20,1,15263,12,
new,10000,none,1,sort_change,21,2026-10-03T11:11:43.466Z,ok,0,rows 12->12,84.3,,,,,0,0,13746348,11245476,857,566,1,15175,14867,20,1,15175,12,
new,10000,none,1,initial_load,22,2026-10-03T11:11:45.610Z,ok,0,,570.2,570.2,570.2,60,712,19,2,11553180,9680408,796,541,1,15331,15022,20,9,859334,12,
new,10000,none,1,scroll_pages,22,2026-10-03T11:11:48.193Z,ok,0,,951.6,,,,,0,0,17359040,11085736,1259,834,3,45841,44917,60,3,45841,21,63
new,10000,none,1,scroll_all,22,2026-10-03T11:13:21.084Z,ok,0,,90770.6,,,,,0,0,57404488,23302816,942,633,459,7021101,6879522,9169,460,7021558,15,9189
new,10000,none,1,filter_change,22,2026-10-03T11:13:22.890Z,ok,0,rows 12->12,71,,,,,0,0,14536644,11407404,904,620,1,15263,14955,20,1,15263,12,
new,10000,none,1,sort_change,22,2026-10-03T11:13:24.706Z,ok,0,rows 12->12,86.5,,,,,0,0,13755112,11245304,857,566,1,15175,14867,20,1,15175,12,
new,10000,none,1,initial_load,23,2026-10-03T11:13:26.849Z,ok,0,,569.6,569.6,569.6,72,476,17,2,11596920,9680368,796,541,1,15331,15022,20,9,859334,12,
new,10000,none,1,scroll_pages,23,2026-10-03T11:13:29.531Z,ok,0,,987.4,,,,,0,0,17134452,11045060,1259,834,3,45841,44917,60,3,45841,21,60
new,10000,none,1,scroll_all,23,2026-10-03T11:15:02.702Z,ok,0,,91012.9,,,,,0,0,60179476,23281420,942,633,459,7021101,6879522,9169,460,7021558,15,9189
new,10000,none,1,filter_change,23,2026-10-03T11:15:04.568Z,ok,0,rows 12->12,75.8,,,,,0,0,13758860,11399520,904,620,1,15263,14955,20,1,15263,12,
new,10000,none,1,sort_change,23,2026-10-03T11:15:06.400Z,ok,0,rows 12->12,89.6,,,,,0,0,13697544,11245180,857,566,1,15175,14867,20,1,15175,12,
new,10000,none,1,initial_load,24,2026-10-03T11:15:08.536Z,ok,0,,564.7,564.7,564.7,64,452,17,2,11542648,9688156,796,541,1,15331,15022,20,9,859334,12,
new,10000,none,1,scroll_pages,24,2026-10-03T11:15:11.204Z,ok,0,,980.9,,,,,0,0,17299544,11085248,1259,834,3,45841,44917,60,3,45841,21,63
new,10000,none,1,scroll_all,24,2026-10-03T11:16:45.352Z,ok,0,,92111,,,,,0,0,51609428,23299932,942,633,459,7021101,6879522,9169,460,7021558,15,9189
new,10000,none,1,filter_change,24,2026-10-03T11:16:47.161Z,ok,0,rows 12->12,75.5,,,,,0,0,14514052,11408684,904,620,1,15263,14955,20,1,15263,12,
new,10000,none,1,sort_change,24,2026-10-03T11:16:48.990Z,ok,0,rows 12->12,88,,,,,0,0,13741920,11248632,857,566,1,15175,14867,20,1,15175,12,
new,10000,none,1,initial_load,25,2026-10-03T11:16:51.124Z,ok,0,,561.5,561.5,561.5,64,464,11,2,11578700,9686892,796,541,1,15331,15022,20,9,859334,12,
new,10000,none,1,scroll_pages,25,2026-10-03T11:16:53.764Z,ok,0,,946.6,,,,,0,0,17088524,11046068,1259,834,3,45841,44917,60,3,45841,21,60
new,10000,none,1,scroll_all,25,2026-10-03T11:17:49.630Z,ok,0,,53800.9,,,,,0,0,43854428,19050664,943,634,276,4232486,4147314,5520,276,4232486,15,5540
new,10000,none,1,filter_change,25,2026-10-03T11:17:51.435Z,ok,0,rows 12->12,72.3,,,,,0,0,14539816,11409236,904,620,1,15263,14955,20,1,15263,12,
new,10000,none,1,sort_change,25,2026-10-03T11:17:53.272Z,ok,0,rows 12->12,84.9,,,,,0,0,13750324,11248604,857,566,1,15175,14867,20,1,15175,12,
new,10000,none,1,initial_load,26,2026-10-03T11:17:55.414Z,ok,0,,570.6,570.6,570.6,80,508,16,2,11559060,9690764,796,541,1,15331,15022,20,9,859334,12,
new,10000,none,1,scroll_pages,26,2026-10-03T11:17:58.122Z,ok,0,,1014.2,,,,,0,0,17353504,11080804,1259,834,3,45841,44917,60,3,45841,21,63
new,10000,none,1,scroll_all,26,2026-10-03T11:19:31.490Z,ok,0,,91257.3,,,,,0,0,51162972,23317540,942,633,459,7021101,6879522,9169,460,7021558,15,9189
new,10000,none,1,filter_change,26,2026-10-03T11:19:33.297Z,ok,0,rows 12->12,73.3,,,,,0,0,14506996,11412580,904,620,1,15263,14955,20,1,15263,12,
new,10000,none,1,sort_change,26,2026-10-03T11:19:35.109Z,ok,0,rows 12->12,87.4,,,,,0,0,13740052,11245056,857,566,1,15175,14867,20,1,15175,12,
new,10000,none,1,initial_load,27,2026-10-03T11:19:37.253Z,ok,0,,574.2,574.2,574.2,64,728,15,2,11574060,9679884,796,541,1,15331,15022,20,9,859334,12,
new,10000,none,1,scroll_pages,27,2026-10-03T11:19:39.964Z,ok,0,,1021.1,,,,,0,0,17357384,11085816,1259,834,3,45841,44917,60,3,45841,21,63
new,10000,none,1,scroll_all,27,2026-10-03T11:21:12.532Z,ok,0,,90437.8,,,,,0,0,50568508,23272524,942,633,459,7021101,6879522,9169,460,7021558,15,9189
new,10000,none,1,filter_change,27,2026-10-03T11:21:14.350Z,ok,0,rows 12->12,71.3,,,,,0,0,14557520,11409044,904,620,1,15263,14955,20,1,15263,12,
new,10000,none,1,sort_change,27,2026-10-03T11:21:16.163Z,ok,0,rows 12->12,85.7,,,,,0,0,13698456,11246588,857,566,1,15175,14867,20,1,15175,12,
new,10000,none,1,initial_load,28,2026-10-03T11:21:18.300Z,ok,0,,568.6,568.6,568.6,76,476,17,2,11540716,9690236,796,541,1,15331,15022,20,9,859334,12,
new,10000,none,1,scroll_pages,28,2026-10-03T11:21:20.976Z,ok,0,,988.2,,,,,0,0,17336608,11086004,1259,834,3,45841,44917,60,3,45841,21,63
new,10000,none,1,scroll_all,28,2026-10-03T11:22:54.264Z,ok,0,,91147.8,,,,,0,0,63325556,23275548,942,633,459,7021101,6879522,9169,460,7021558,15,9189
new,10000,none,1,filter_change,28,2026-10-03T11:22:56.059Z,ok,0,rows 12->12,71.6,,,,,0,0,14511204,11411264,904,620,1,15263,14955,20,1,15263,12,
new,10000,none,1,sort_change,28,2026-10-03T11:22:57.878Z,ok,0,rows 12->12,88.7,,,,,0,0,13726556,11255488,857,566,1,15175,14867,20,1,15175,12,
new,10000,none,1,initial_load,29,2026-10-03T11:23:00.024Z,ok,0,,572,572,572,68,564,19,3,11576396,9679456,796,541,1,15331,15022,20,9,859334,12,
new,10000,none,1,scroll_pages,29,2026-10-03T11:23:02.675Z,ok,0,,1012.7,,,,,0,0,17330072,11086044,1259,834,3,45841,44917,60,3,45841,21,63
new,10000,none,1,scroll_all,29,2026-10-03T11:24:35.854Z,ok,0,,91020.9,,,,,0,0,68174596,23277856,942,633,459,7021101,6879522,9169,460,7021558,15,9189
new,10000,none,1,filter_change,29,2026-10-03T11:24:37.665Z,ok,0,rows 12->12,71.2,,,,,0,0,14513808,11407492,904,620,1,15263,14955,20,1,15263,12,
new,10000,none,1,sort_change,29,2026-10-03T11:24:39.487Z,ok,0,rows 12->12,86.6,,,,,0,0,13755628,11245240,857,566,1,15175,14867,20,1,15175,12,
new,10000,none,1,initial_load,30,2026-10-03T11:24:41.619Z,ok,0,,562.7,562.7,562.7,64,452,12,2,11572472,9679212,796,541,1,15331,15022,20,9,859334,12,
new,10000,none,1,scroll_pages,30,2026-10-03T11:24:44.264Z,ok,0,,1006.4,,,,,0,0,17275604,11085680,1259,834,3,45841,44917,60,3,45841,21,63
new,10000,none,1,scroll_all,30,2026-10-03T11:26:16.740Z,ok,0,,90378.4,,,,,0,0,44589324,23287248,942,633,459,7021101,6879522,9169,460,7021558,15,9189
new,10000,none,1,filter_change,30,2026-10-03T11:26:18.607Z,ok,0,rows 12->12,72.9,,,,,0,0,14553028,11405708,904,620,1,15263,14955,20,1,15263,12,
new,10000,none,1,sort_change,30,2026-10-03T11:26:20.423Z,ok,0,rows 12->12,88.5,,,,,0,0,13702176,11245196,857,566,1,15175,14867,20,1,15175,12,
